Sexo,edad,1970,1971,1972,1973,1974,1975,1976,1977,1978,1979,1980,1981,1982,1983,1984,1985,1986,1987,1988,1989,1990,1991,1992,1993,1994,1995,1996,1997,1998,1999,2000,2001,2002,2003,2004,2005,2006,2007,2008,2009,2010,2011,2012,2013,2014,2015
Hombres,0,0.085802,0.078009,0.07523,0.07322,0.071556,0.070188,0.068782,0.067029,0.06427,0.060984,0.0573,0.05328,0.049072,0.046145,0.043463,0.041145,0.039115,0.037295,0.035654,0.036554,0.034992,0.031476,0.030449,0.029282,0.028317,0.027463,0.026551,0.025527,0.024464,0.023361,0.022214,0.021014,0.019782,0.018782,0.018015,0.017386,0.016822,0.016315,0.015821,0.015368,0.014959,0.014552,0.014099,0.01359,0.013099,0.012815
Hombres,1,0.017225,0.01536,0.014306,0.013323,0.012282,0.011225,0.010146,0.009157,0.008216,0.007344,0.006586,0.005903,0.005283,0.0049,0.004511,0.004252,0.004042,0.003791,0.003567,0.003286,0.00309,0.002899,0.002749,0.002554,0.002348,0.00214,0.001956,0.001814,0.001721,0.001649,0.001587,0.001534,0.001473,0.001419,0.001374,0.001332,0.001296,0.00126,0.001226,0.001196,0.001173,0.001159,0.001153,0.001131,0.001114,0.001105
Hombres,2,0.008968,0.007542,0.007152,0.006755,0.006259,0.005688,0.005094,0.004547,0.004054,0.003598,0.003204,0.002863,0.002569,0.002375,0.002197,0.002079,0.001993,0.001888,0.001784,0.001654,0.001548,0.001442,0.001352,0.001247,0.001144,0.001046,0.000965,0.0009,0.000847,0.000799,0.000753,0.000714,0.000677,0.000649,0.00063,0.000617,0.000608,0.000598,0.000587,0.000573,0.000559,0.000543,0.000526,0.000512,0.000497,0.000479
Hombres,3,0.005792,0.004683,0.00452,0.00433,0.00404,0.003669,0.003278,0.002916,0.002599,0.002304,0.002049,0.001832,0.001652,0.001527,0.001421,0.001349,0.001301,0.001243,0.00118,0.001103,0.001031,0.000957,0.000893,0.000823,0.000757,0.000698,0.00065,0.00061,0.000574,0.000538,0.000503,0.000471,0.000443,0.000425,0.000415,0.000409,0.000406,0.000403,0.000397,0.000389,0.000378,0.000365,0.000347,0.000337,0.000325,0.00031
Hombres,4,0.004358,0.003519,0.003461,0.00337,0.00316,0.002856,0.00257,0.002288,0.002022,0.001804,0.001618,0.001439,0.001297,0.001187,0.001105,0.001063,0.001018,0.000981,0.000949,0.000894,0.000834,0.000772,0.000722,0.000669,0.000623,0.000585,0.000548,0.000516,0.000486,0.00045,0.000413,0.000385,0.000367,0.000354,0.000344,0.000343,0.000339,0.000339,0.00034,0.000337,0.00033,0.000316,0.000298,0.000289,0.000281,0.000272
Hombres,5,0.002936,0.002458,0.002546,0.00259,0.002468,0.002208,0.001986,0.001754,0.001531,0.001371,0.001241,0.001102,0.000997,0.000903,0.000846,0.000826,0.000787,0.000767,0.000758,0.000722,0.000674,0.000619,0.00058,0.000543,0.000511,0.00049,0.000461,0.000436,0.000412,0.00038,0.000344,0.000323,0.000314,0.000308,0.000297,0.000299,0.00029,0.00029,0.000294,0.000295,0.000289,0.000273,0.000252,0.000245,0.00024,0.000236
Hombres,6,0.00251,0.002033,0.0021,0.00213,0.002033,0.001831,0.001661,0.001481,0.001305,0.001177,0.001071,0.000954,0.000867,0.000788,0.00074,0.000724,0.000691,0.000675,0.000669,0.000639,0.000598,0.000552,0.000518,0.000488,0.000462,0.000446,0.000423,0.000403,0.000383,0.000354,0.000323,0.000304,0.000296,0.000291,0.00028,0.000282,0.000274,0.000274,0.000278,0.000279,0.000275,0.00026,0.000242,0.000236,0.000232,0.00023
Hombres,7,0.002218,0.001754,0.001807,0.00183,0.00175,0.001588,0.001454,0.001308,0.001163,0.001057,0.000968,0.000867,0.000791,0.000721,0.000677,0.000664,0.000634,0.000621,0.000617,0.000591,0.000555,0.000514,0.000485,0.000459,0.000437,0.000425,0.000407,0.000389,0.000372,0.000345,0.000316,0.000298,0.00029,0.000286,0.000276,0.000277,0.000269,0.00027,0.000274,0.000276,0.000273,0.000259,0.000242,0.000237,0.000233,0.000232
Hombres,8,0.00202,0.001565,0.00161,0.00163,0.001565,0.00143,0.001321,0.001201,0.001076,0.000986,0.000909,0.000819,0.00075,0.000685,0.000646,0.000632,0.000606,0.000593,0.00059,0.000566,0.000533,0.000496,0.00047,0.000447,0.000429,0.00042,0.000404,0.000388,0.000372,0.000347,0.000319,0.000301,0.000295,0.00029,0.000279,0.00028,0.000273,0.000274,0.000279,0.000281,0.000279,0.000266,0.00025,0.000244,0.000242,0.000242
Hombres,9,0.001893,0.001442,0.001484,0.001504,0.001449,0.001335,0.001245,0.001142,0.001032,0.000953,0.000885,0.000801,0.000737,0.000677,0.000638,0.000625,0.000598,0.000586,0.000584,0.000562,0.000531,0.000496,0.000472,0.000451,0.000435,0.000429,0.000413,0.000399,0.000384,0.000359,0.000331,0.000314,0.000307,0.000302,0.000291,0.000293,0.000286,0.000287,0.000293,0.000295,0.000294,0.000281,0.000266,0.00026,0.000258,0.000259
Hombres,10,0.001827,0.001371,0.001415,0.001437,0.001391,0.001293,0.001217,0.001125,0.001025,0.000953,0.000892,0.000813,0.000752,0.000692,0.000654,0.000641,0.000612,0.0006,0.000599,0.000578,0.000548,0.000514,0.000492,0.000472,0.000457,0.000451,0.000436,0.000423,0.000408,0.000382,0.000354,0.000336,0.000329,0.000324,0.000313,0.000316,0.000308,0.000311,0.000318,0.000322,0.000322,0.000309,0.000293,0.000288,0.000285,0.000287
Hombres,11,0.001815,0.001347,0.001394,0.001421,0.001385,0.001298,0.001232,0.001149,0.001055,0.000989,0.000932,0.000856,0.000796,0.000736,0.000696,0.000682,0.000651,0.000638,0.000638,0.000617,0.000587,0.000553,0.00053,0.000511,0.000497,0.000492,0.000475,0.00046,0.000445,0.00042,0.000389,0.000371,0.000364,0.000359,0.000348,0.000351,0.000345,0.000349,0.000359,0.000365,0.000365,0.000352,0.000335,0.000329,0.000326,0.000327
Hombres,12,0.001852,0.001367,0.001419,0.001453,0.001426,0.001348,0.001291,0.001214,0.001123,0.001061,0.001007,0.000931,0.000872,0.000809,0.000767,0.000752,0.000717,0.000702,0.000702,0.000682,0.000651,0.000614,0.000592,0.000572,0.000558,0.000552,0.000534,0.000518,0.000501,0.000473,0.00044,0.000421,0.000415,0.000411,0.000398,0.000404,0.000397,0.000404,0.000418,0.000428,0.000431,0.000416,0.000399,0.00039,0.000386,0.000386
Hombres,13,0.001932,0.001427,0.001488,0.001531,0.001512,0.001443,0.001393,0.001321,0.001231,0.001171,0.00112,0.001043,0.000982,0.000915,0.000869,0.000852,0.000811,0.000793,0.000797,0.000775,0.000741,0.000702,0.000678,0.000657,0.000642,0.000636,0.000614,0.000595,0.000578,0.000546,0.00051,0.000489,0.000483,0.00048,0.000467,0.000475,0.00047,0.00048,0.0005,0.000515,0.00052,0.000506,0.000486,0.000476,0.000469,0.000467
Hombres,14,0.002051,0.001527,0.001599,0.001651,0.00164,0.001577,0.001537,0.001468,0.001376,0.001319,0.001271,0.001191,0.001127,0.001053,0.001003,0.000984,0.000934,0.000914,0.000919,0.000895,0.000859,0.000815,0.000789,0.000766,0.000749,0.000743,0.000717,0.000695,0.000675,0.000641,0.000599,0.000576,0.000571,0.000568,0.000554,0.000566,0.000562,0.000578,0.000606,0.000627,0.000636,0.000621,0.000598,0.000587,0.000577,0.00057
Hombres,15,0.0022,0.001663,0.001746,0.001811,0.001808,0.001751,0.001717,0.001651,0.001559,0.001502,0.001456,0.001373,0.001304,0.001223,0.001165,0.001144,0.001085,0.001062,0.001068,0.001042,0.001002,0.000952,0.000922,0.000899,0.000881,0.000874,0.000843,0.000817,0.000794,0.000754,0.000707,0.000681,0.000676,0.000675,0.00066,0.000675,0.000673,0.000696,0.000734,0.000763,0.000778,0.000761,0.000737,0.000722,0.000708,0.000697
Hombres,16,0.002375,0.001831,0.001926,0.002004,0.00201,0.001958,0.001931,0.001869,0.001773,0.001718,0.001673,0.001584,0.001509,0.001419,0.001355,0.00133,0.001261,0.001232,0.001241,0.001212,0.001167,0.00111,0.001078,0.001051,0.001032,0.001024,0.000988,0.000957,0.000931,0.000885,0.00083,0.000802,0.000797,0.000797,0.00078,0.0008,0.0008,0.000832,0.00088,0.000919,0.00094,0.000924,0.000897,0.000879,0.00086,0.000844
Hombres,17,0.002569,0.002025,0.002135,0.002223,0.002239,0.00219,0.002173,0.002113,0.002014,0.001959,0.001916,0.00182,0.001738,0.001636,0.001564,0.001536,0.001456,0.001422,0.001432,0.0014,0.001349,0.001285,0.001249,0.00122,0.001199,0.001191,0.001149,0.001113,0.001082,0.001029,0.000966,0.000933,0.000928,0.000929,0.000911,0.000935,0.000938,0.000979,0.00104,0.00109,0.001119,0.001103,0.001075,0.001052,0.001028,0.001005
Hombres,18,0.002775,0.00224,0.002364,0.002464,0.002487,0.002443,0.002434,0.002376,0.002275,0.002219,0.002177,0.002073,0.001983,0.00187,0.001789,0.001756,0.001664,0.001624,0.001636,0.0016,0.001543,0.001471,0.001431,0.0014,0.001377,0.001369,0.001321,0.001279,0.001242,0.001182,0.001109,0.001072,0.001067,0.001068,0.001047,0.001077,0.001084,0.001133,0.001207,0.001269,0.001307,0.001291,0.00126,0.001236,0.001206,0.001176
Hombres,19,0.00299,0.002472,0.002608,0.002722,0.00275,0.002709,0.002709,0.002655,0.002547,0.002492,0.00245,0.002336,0.002239,0.002112,0.002021,0.001984,0.001878,0.001834,0.001846,0.001805,0.001742,0.001662,0.001619,0.001585,0.001559,0.001552,0.001497,0.001448,0.001407,0.001336,0.001254,0.001213,0.001208,0.001208,0.001185,0.00122,0.001229,0.001289,0.001376,0.00145,0.001497,0.001482,0.00145,0.001421,0.001385,0.00135
Hombres,20,0.003211,0.002712,0.002863,0.002987,0.003022,0.002982,0.002989,0.002938,0.002825,0.00277,0.002727,0.002604,0.002498,0.002356,0.002256,0.002213,0.002095,0.002044,0.002057,0.002011,0.001941,0.001854,0.001805,0.001769,0.001743,0.001734,0.001673,0.001618,0.001569,0.00149,0.001397,0.001351,0.001345,0.001345,0.001319,0.001359,0.001372,0.00144,0.001541,0.001627,0.001682,0.001668,0.001635,0.001603,0.001562,0.001521
Hombres,21,0.003431,0.002958,0.003121,0.003256,0.003296,0.003255,0.003272,0.003221,0.003104,0.003047,0.003002,0.002869,0.002753,0.002597,0.002486,0.002439,0.002308,0.002249,0.002263,0.002212,0.002135,0.002041,0.001988,0.001949,0.001921,0.001912,0.001845,0.001783,0.001727,0.001638,0.001535,0.001484,0.001475,0.001474,0.001447,0.001491,0.001506,0.001584,0.001697,0.001794,0.001857,0.001844,0.001809,0.001775,0.00173,0.001685
Hombres,22,0.003648,0.003204,0.003379,0.003524,0.003566,0.003528,0.003548,0.0035,0.003375,0.003317,0.003271,0.003125,0.003,0.002832,0.00271,0.002657,0.002513,0.002448,0.002461,0.002405,0.002321,0.002219,0.002163,0.002122,0.00209,0.002082,0.002009,0.001939,0.001877,0.001778,0.001665,0.001607,0.001597,0.001596,0.001564,0.001613,0.001631,0.001716,0.00184,0.001947,0.002018,0.002006,0.00197,0.001933,0.001885,0.001837
Hombres,23,0.003862,0.003446,0.003631,0.003785,0.003832,0.00379,0.003816,0.003769,0.003637,0.003576,0.003527,0.003371,0.003236,0.003053,0.002922,0.002864,0.002707,0.002636,0.002647,0.002586,0.002496,0.002387,0.002327,0.002283,0.002251,0.002242,0.002161,0.002086,0.002016,0.001907,0.001784,0.001721,0.001709,0.001705,0.001671,0.001723,0.001744,0.001836,0.001969,0.002085,0.002162,0.002152,0.002114,0.002075,0.002024,0.001975
Hombres,24,0.00407,0.003683,0.003876,0.00404,0.004089,0.004046,0.004074,0.004026,0.003885,0.003821,0.003768,0.003604,0.003457,0.003262,0.00312,0.003058,0.002889,0.00281,0.002821,0.002755,0.002659,0.002542,0.00248,0.002433,0.002398,0.002388,0.002302,0.00222,0.002143,0.002025,0.001892,0.001824,0.00181,0.001804,0.001767,0.001823,0.001845,0.001942,0.002084,0.002205,0.002289,0.002278,0.002239,0.002199,0.002146,0.002097
Hombres,25,0.004269,0.003912,0.004115,0.004283,0.004332,0.004287,0.004319,0.004267,0.004121,0.004051,0.003995,0.003818,0.003664,0.003455,0.003304,0.003236,0.003056,0.002971,0.002981,0.002908,0.002807,0.002685,0.00262,0.00257,0.002534,0.002523,0.002432,0.002342,0.002259,0.002132,0.00199,0.001916,0.0019,0.001893,0.001853,0.00191,0.001933,0.002035,0.002182,0.002309,0.002398,0.002387,0.002348,0.002305,0.002252,0.002205
Hombres,26,0.004464,0.004132,0.004342,0.004519,0.004568,0.004517,0.00455,0.004496,0.00434,0.004265,0.004204,0.004019,0.003855,0.003635,0.003472,0.003402,0.003211,0.00312,0.003127,0.00305,0.002943,0.002816,0.002748,0.002696,0.002658,0.002646,0.00255,0.002455,0.002363,0.002229,0.002078,0.001999,0.001981,0.001972,0.001928,0.001988,0.002011,0.002117,0.002268,0.002399,0.00249,0.002479,0.002439,0.002396,0.002343,0.002297
Hombres,27,0.004655,0.00434,0.004559,0.004741,0.004792,0.004736,0.004769,0.004709,0.004543,0.004461,0.004398,0.004203,0.00403,0.003798,0.003627,0.003552,0.003352,0.003256,0.003262,0.003178,0.003068,0.002936,0.002865,0.002811,0.002771,0.002759,0.002657,0.002556,0.002459,0.002317,0.002158,0.002075,0.002055,0.002043,0.001998,0.002057,0.002081,0.002187,0.002342,0.002476,0.002568,0.002557,0.002515,0.002472,0.002419,0.002378
Hombres,28,0.004837,0.004542,0.004768,0.004956,0.005004,0.004944,0.004976,0.004909,0.004734,0.004646,0.004577,0.004372,0.004193,0.00395,0.00377,0.003692,0.003484,0.00338,0.003385,0.003297,0.003182,0.003046,0.002974,0.002918,0.002876,0.002863,0.002756,0.00265,0.002548,0.002399,0.002233,0.002146,0.002123,0.002109,0.00206,0.00212,0.002142,0.00225,0.002407,0.002542,0.002635,0.002623,0.002579,0.002535,0.002486,0.002449
Hombres,29,0.005019,0.004739,0.00497,0.005161,0.005207,0.005141,0.005171,0.005097,0.004911,0.004816,0.004744,0.004529,0.004341,0.00409,0.003903,0.00382,0.003604,0.003496,0.0035,0.003409,0.003289,0.003148,0.003075,0.003017,0.002973,0.00296,0.00285,0.00274,0.002632,0.002476,0.002304,0.002213,0.002188,0.002172,0.00212,0.00218,0.0022,0.002309,0.002465,0.0026,0.002693,0.002679,0.002634,0.002591,0.002544,0.002512
Hombres,30,0.005195,0.004927,0.005164,0.005362,0.005405,0.005329,0.005357,0.005277,0.005077,0.004978,0.004899,0.004677,0.004483,0.004221,0.004029,0.003942,0.003718,0.003607,0.003607,0.003513,0.003389,0.003247,0.003172,0.003112,0.003066,0.003053,0.002939,0.002826,0.002715,0.002552,0.002373,0.002278,0.002251,0.002235,0.002179,0.002239,0.002257,0.002364,0.002519,0.002653,0.002746,0.00273,0.002684,0.002641,0.002597,0.002571
Hombres,31,0.005374,0.005116,0.005357,0.005558,0.005598,0.005513,0.005535,0.005447,0.005237,0.005132,0.005049,0.00482,0.004618,0.004347,0.004147,0.004058,0.003829,0.003714,0.003712,0.003614,0.003488,0.003343,0.003267,0.003206,0.003159,0.003145,0.003028,0.002911,0.002796,0.002628,0.002445,0.002346,0.002317,0.002299,0.00224,0.002298,0.002313,0.002419,0.002573,0.002706,0.002797,0.002779,0.002731,0.002688,0.002647,0.002629
Hombres,32,0.005556,0.0053,0.005545,0.005751,0.005788,0.005698,0.005712,0.005615,0.005396,0.005283,0.005192,0.004956,0.00475,0.004469,0.004265,0.004173,0.003937,0.003819,0.003817,0.003717,0.003588,0.00344,0.003362,0.003299,0.003252,0.003238,0.003119,0.002998,0.00288,0.002708,0.002519,0.002417,0.002387,0.002367,0.002305,0.002362,0.002375,0.002477,0.002629,0.00276,0.00285,0.002829,0.002779,0.002737,0.0027,0.002688
Hombres,33,0.005736,0.005488,0.005738,0.005947,0.005981,0.00588,0.00589,0.005784,0.005552,0.005431,0.005336,0.005092,0.00488,0.004594,0.004382,0.004289,0.004048,0.003925,0.003925,0.003822,0.003689,0.003538,0.00346,0.003397,0.003349,0.003335,0.003214,0.003092,0.00297,0.002795,0.0026,0.002495,0.002464,0.002442,0.002377,0.002432,0.00244,0.00254,0.00269,0.002819,0.002906,0.002883,0.00283,0.002788,0.002756,0.002752
Hombres,34,0.005928,0.005679,0.005935,0.006148,0.006177,0.006064,0.00607,0.005954,0.005709,0.005583,0.005484,0.005232,0.005016,0.004719,0.004504,0.00441,0.004162,0.004038,0.004037,0.003931,0.003797,0.003645,0.003566,0.003501,0.003452,0.00344,0.003317,0.003192,0.00307,0.002888,0.002688,0.002581,0.002549,0.002524,0.002455,0.00251,0.002514,0.00261,0.002758,0.002884,0.00297,0.002942,0.002888,0.002847,0.002819,0.002824
Hombres,35,0.006125,0.005883,0.006143,0.006356,0.006382,0.006258,0.006256,0.00613,0.005874,0.005739,0.005639,0.00538,0.005157,0.004852,0.004632,0.004536,0.004286,0.004159,0.004156,0.004049,0.003913,0.003759,0.003678,0.003615,0.003565,0.003553,0.003427,0.003302,0.003179,0.002993,0.002788,0.002677,0.002643,0.002618,0.002545,0.002599,0.002597,0.002691,0.002837,0.002959,0.003042,0.003012,0.002955,0.002916,0.002892,0.002904
Hombres,36,0.006334,0.006093,0.006359,0.006578,0.006594,0.006461,0.006453,0.006318,0.006047,0.005906,0.005799,0.005536,0.005306,0.004996,0.00477,0.004674,0.004418,0.004288,0.004289,0.004179,0.004042,0.003883,0.003804,0.003739,0.003689,0.003679,0.003552,0.003424,0.0033,0.003111,0.002899,0.002785,0.00275,0.002724,0.002647,0.0027,0.002693,0.002783,0.002926,0.003048,0.003128,0.003094,0.003034,0.002996,0.002977,0.002998
Hombres,37,0.006556,0.006316,0.00659,0.006808,0.006824,0.00668,0.006664,0.006515,0.006234,0.006086,0.005977,0.005703,0.005469,0.005152,0.00492,0.004825,0.004562,0.00443,0.004435,0.004322,0.004183,0.004022,0.003941,0.003876,0.003826,0.003819,0.003691,0.003561,0.003435,0.003242,0.003024,0.002907,0.002872,0.002846,0.002764,0.002816,0.002802,0.002889,0.00303,0.00315,0.003228,0.00319,0.003127,0.003089,0.003076,0.003105
Hombres,38,0.006796,0.006562,0.006839,0.007059,0.007067,0.006913,0.006887,0.006734,0.006434,0.00628,0.006168,0.00589,0.005649,0.005323,0.005086,0.00499,0.004723,0.004589,0.004595,0.004482,0.004339,0.004175,0.004095,0.004029,0.003981,0.003975,0.003844,0.003715,0.003589,0.003391,0.003166,0.003045,0.003011,0.002982,0.002895,0.002946,0.002926,0.00301,0.00315,0.003268,0.003345,0.003302,0.003236,0.003199,0.003191,0.003229
Hombres,39,0.007052,0.006821,0.007107,0.007332,0.007335,0.007164,0.007136,0.006969,0.006656,0.006492,0.006378,0.006091,0.005846,0.005512,0.005271,0.005175,0.004902,0.004766,0.004774,0.004661,0.004516,0.004348,0.004268,0.0042,0.004152,0.004149,0.004018,0.003888,0.003759,0.003557,0.003325,0.003202,0.003165,0.003137,0.003044,0.003093,0.003067,0.003148,0.003287,0.003405,0.00348,0.003432,0.003364,0.003327,0.003324,0.00337
Hombres,40,0.007327,0.007107,0.007399,0.007625,0.007622,0.007441,0.007405,0.007223,0.006899,0.00673,0.006611,0.006315,0.006065,0.005722,0.005476,0.00538,0.005099,0.004962,0.004975,0.00486,0.004713,0.004539,0.004458,0.004393,0.004345,0.004346,0.004213,0.00408,0.003952,0.003745,0.003503,0.003375,0.00334,0.003311,0.003212,0.00326,0.003226,0.003305,0.003444,0.00356,0.003636,0.003583,0.003511,0.003474,0.003476,0.003533
Hombres,41,0.007627,0.007413,0.007715,0.007945,0.007935,0.007742,0.0077,0.00751,0.007166,0.006991,0.006869,0.006568,0.00631,0.005953,0.005699,0.005606,0.005321,0.005184,0.005201,0.005083,0.004932,0.004757,0.004674,0.004607,0.004559,0.004564,0.00443,0.004295,0.004166,0.003953,0.003702,0.003571,0.003535,0.003506,0.003398,0.003448,0.003407,0.003482,0.003623,0.003739,0.003814,0.003755,0.003679,0.003643,0.003651,0.003716
Hombres,42,0.007951,0.007753,0.008063,0.008299,0.00828,0.008074,0.008019,0.007819,0.007462,0.007277,0.007154,0.006843,0.00658,0.00621,0.005952,0.00586,0.005566,0.00543,0.005449,0.00533,0.005176,0.004995,0.004913,0.004846,0.004799,0.004808,0.004671,0.004536,0.004405,0.004184,0.003924,0.003788,0.003751,0.003721,0.003608,0.003658,0.003609,0.003682,0.003825,0.003942,0.004015,0.003952,0.003871,0.003836,0.003849,0.003923
Hombres,43,0.008307,0.008122,0.008441,0.00868,0.008657,0.008436,0.008377,0.008163,0.007787,0.007597,0.007467,0.007148,0.006879,0.006498,0.006233,0.006144,0.00584,0.0057,0.005729,0.005607,0.005449,0.005263,0.005179,0.005111,0.005067,0.00508,0.00494,0.004801,0.004669,0.004441,0.004169,0.004028,0.003992,0.003962,0.003842,0.00389,0.003834,0.003906,0.00405,0.004169,0.004243,0.004173,0.004088,0.004053,0.004072,0.004157
Hombres,44,0.008687,0.008526,0.008854,0.009103,0.009068,0.008831,0.008765,0.008538,0.008148,0.007948,0.007819,0.007489,0.007208,0.006815,0.006546,0.006456,0.006144,0.006005,0.006036,0.005915,0.005752,0.005559,0.005473,0.005407,0.005361,0.005379,0.005235,0.005096,0.004961,0.004726,0.004441,0.004294,0.004259,0.004229,0.0041,0.00415,0.004083,0.004154,0.004301,0.004423,0.004498,0.004421,0.004333,0.004298,0.004322,0.004416
Hombres,45,0.009103,0.008964,0.009307,0.009561,0.00952,0.009267,0.009194,0.008954,0.00854,0.008335,0.008204,0.00786,0.007573,0.007166,0.006887,0.006802,0.006479,0.006338,0.006377,0.006256,0.006088,0.005889,0.005801,0.005731,0.005687,0.005711,0.005564,0.005421,0.005284,0.005038,0.00474,0.004586,0.004553,0.004522,0.004384,0.004435,0.00436,0.00443,0.004583,0.004706,0.004783,0.004699,0.004605,0.004571,0.0046,0.004707
Hombres,46,0.009557,0.009445,0.009803,0.010056,0.010009,0.009737,0.009658,0.009408,0.008975,0.008761,0.008628,0.008274,0.007974,0.007554,0.007267,0.007183,0.006852,0.006709,0.006755,0.00663,0.006458,0.006248,0.006161,0.006089,0.006048,0.006078,0.005923,0.005777,0.005638,0.005382,0.005069,0.004909,0.004875,0.004846,0.004697,0.004751,0.004667,0.004736,0.004892,0.005022,0.0051,0.005009,0.004909,0.004874,0.004911,0.005027
Hombres,47,0.010051,0.009968,0.010339,0.010605,0.01055,0.010256,0.010171,0.009905,0.009451,0.009227,0.009092,0.008725,0.00842,0.00798,0.007683,0.007607,0.007262,0.007113,0.007171,0.007043,0.006864,0.006647,0.006557,0.006487,0.006444,0.006479,0.006321,0.00617,0.006027,0.00576,0.005428,0.005261,0.005229,0.0052,0.005043,0.005097,0.005002,0.005072,0.005235,0.005369,0.00545,0.005352,0.005244,0.005211,0.005253,0.005382
Hombres,48,0.010584,0.01054,0.010924,0.011196,0.011131,0.010825,0.010731,0.010446,0.009972,0.009741,0.009599,0.009218,0.008905,0.008448,0.008144,0.008069,0.00771,0.007561,0.007631,0.007496,0.007312,0.007084,0.006992,0.006919,0.006876,0.006919,0.006754,0.006599,0.006453,0.006171,0.005821,0.005647,0.005618,0.005587,0.005419,0.005475,0.005371,0.005441,0.005612,0.005751,0.005834,0.005729,0.005616,0.005581,0.005631,0.005771
Hombres,49,0.01117,0.011156,0.011563,0.011841,0.011769,0.011438,0.01134,0.011042,0.010539,0.010301,0.010158,0.009762,0.009436,0.008959,0.008646,0.008574,0.008202,0.008053,0.008132,0.007995,0.007802,0.007564,0.007468,0.007393,0.007351,0.007401,0.007228,0.007069,0.006918,0.006622,0.006252,0.00607,0.006041,0.006011,0.005831,0.00589,0.005775,0.005845,0.006026,0.006172,0.006259,0.006145,0.006024,0.005989,0.006046,0.006199
Hombres,50,0.011802,0.011834,0.012252,0.012547,0.012459,0.012109,0.012002,0.011689,0.011159,0.010906,0.010767,0.010351,0.010016,0.009522,0.009192,0.009129,0.00874,0.008589,0.008677,0.008542,0.008342,0.008086,0.007989,0.007912,0.007872,0.007926,0.007747,0.00758,0.007424,0.007112,0.006718,0.006528,0.006502,0.006472,0.006279,0.006343,0.006216,0.006289,0.006478,0.006632,0.006725,0.006601,0.006472,0.006437,0.0065,0.006668
Hombres,51,0.012484,0.01256,0.013005,0.013303,0.013215,0.012837,0.012725,0.012389,0.011827,0.011573,0.01143,0.010999,0.010645,0.010128,0.009794,0.009731,0.009331,0.009175,0.009278,0.009136,0.008925,0.008661,0.008556,0.008477,0.008438,0.008501,0.00831,0.008136,0.007975,0.007644,0.007228,0.007028,0.007003,0.006974,0.006768,0.006836,0.006696,0.006771,0.006973,0.007136,0.007233,0.0071,0.006963,0.006927,0.006998,0.00718
Hombres,52,0.013225,0.01336,0.01382,0.01413,0.014026,0.013627,0.013502,0.013151,0.012563,0.012294,0.012148,0.0117,0.011337,0.010795,0.010447,0.010394,0.009969,0.009813,0.009929,0.009782,0.009564,0.009283,0.009176,0.009096,0.009054,0.009125,0.008922,0.008742,0.008574,0.008223,0.007783,0.00757,0.007547,0.007522,0.007301,0.007373,0.007219,0.007298,0.007513,0.007686,0.007789,0.007646,0.007499,0.007462,0.007542,0.007739
Hombres,53,0.014031,0.014217,0.014702,0.015026,0.014915,0.014485,0.014349,0.013979,0.013351,0.013076,0.012926,0.01246,0.012082,0.01152,0.011157,0.011108,0.010671,0.01051,0.01064,0.010491,0.010262,0.009963,0.009852,0.009767,0.009726,0.009802,0.009591,0.009398,0.009224,0.008853,0.008381,0.008158,0.008141,0.008116,0.00788,0.007959,0.007789,0.007872,0.008101,0.008287,0.008396,0.00824,0.008085,0.008047,0.008134,0.008349
Hombres,54,0.014904,0.015149,0.015663,0.015997,0.015872,0.015411,0.015269,0.014874,0.014216,0.013924,0.013777,0.013285,0.012892,0.012301,0.011928,0.011889,0.011427,0.011262,0.011413,0.01126,0.011018,0.010697,0.010581,0.010498,0.010453,0.010538,0.010315,0.010111,0.009928,0.009536,0.009035,0.008799,0.008783,0.008762,0.008507,0.008592,0.008409,0.008496,0.008741,0.008939,0.009055,0.008887,0.008722,0.008682,0.008779,0.009012
Hombres,55,0.015848,0.01616,0.016691,0.017039,0.016903,0.01641,0.016258,0.015844,0.015139,0.014843,0.014692,0.014176,0.013772,0.013151,0.012764,0.012737,0.012251,0.012083,0.012255,0.012095,0.011839,0.011503,0.011379,0.011288,0.011247,0.011339,0.011099,0.010886,0.010692,0.010274,0.009739,0.009491,0.00948,0.009461,0.00919,0.009282,0.009081,0.009175,0.009436,0.009648,0.009774,0.009592,0.009415,0.009375,0.009482,0.009732
Hombres,56,0.016868,0.017245,0.017814,0.018171,0.018017,0.017497,0.017336,0.016888,0.016148,0.015835,0.015684,0.015149,0.014724,0.014072,0.013674,0.013653,0.013145,0.012979,0.013164,0.013001,0.012731,0.012372,0.012244,0.012146,0.012104,0.012206,0.011951,0.011722,0.01152,0.011076,0.010503,0.010242,0.010235,0.010218,0.009928,0.010027,0.009813,0.00991,0.010192,0.01042,0.010555,0.010358,0.010167,0.010126,0.010244,0.010515
Hombres,57,0.017977,0.018418,0.019019,0.019396,0.019221,0.018664,0.018492,0.01802,0.01723,0.016906,0.016752,0.016192,0.015757,0.01507,0.014654,0.014652,0.014116,0.013944,0.014152,0.01398,0.013698,0.013312,0.013177,0.013081,0.013031,0.013143,0.012869,0.012628,0.012417,0.011941,0.011331,0.011054,0.011052,0.01104,0.010728,0.010839,0.010603,0.010709,0.011011,0.011257,0.011401,0.011191,0.010985,0.010944,0.011074,0.011365
Hombres,58,0.019173,0.019693,0.020319,0.020712,0.020525,0.019926,0.019735,0.019236,0.018405,0.018057,0.017909,0.017318,0.016868,0.016147,0.01572,0.015726,0.015164,0.014989,0.015221,0.015046,0.014746,0.014332,0.01419,0.014086,0.014041,0.01416,0.013867,0.013611,0.013387,0.012879,0.012224,0.011932,0.011937,0.011928,0.011597,0.011717,0.011463,0.011575,0.0119,0.012165,0.01232,0.012093,0.011873,0.011831,0.011973,0.012288
Hombres,59,0.020455,0.02106,0.021713,0.02213,0.021925,0.021285,0.021088,0.020547,0.019662,0.019303,0.019158,0.01854,0.018064,0.017316,0.016865,0.01689,0.016299,0.01612,0.016382,0.016193,0.015877,0.015439,0.015287,0.015178,0.015128,0.01526,0.014947,0.014671,0.014433,0.013892,0.01319,0.012883,0.012894,0.012892,0.012535,0.012667,0.012393,0.012515,0.012865,0.013148,0.013316,0.01307,0.012836,0.012794,0.012946,0.013286
Hombres,60,0.021849,0.02254,0.023221,0.023664,0.023436,0.022744,0.022534,0.021963,0.021018,0.020648,0.020496,0.019847,0.019365,0.018569,0.018111,0.018152,0.017525,0.017342,0.017633,0.017443,0.017104,0.016636,0.016473,0.016362,0.016309,0.016449,0.01611,0.015819,0.015563,0.014986,0.014237,0.013908,0.013929,0.013932,0.013554,0.013696,0.013401,0.01353,0.013909,0.014214,0.014396,0.014131,0.013878,0.013835,0.014003,0.014368
Hombres,61,0.023352,0.024132,0.024857,0.025304,0.025061,0.024323,0.024089,0.023489,0.022488,0.022093,0.021944,0.02127,0.020754,0.019929,0.019451,0.019509,0.018852,0.018666,0.018991,0.018786,0.01843,0.017929,0.017761,0.017638,0.01758,0.017731,0.01737,0.017054,0.016788,0.01617,0.015365,0.015018,0.015047,0.01506,0.014655,0.014808,0.014491,0.014629,0.01504,0.015369,0.015565,0.01528,0.015011,0.014965,0.015146,0.015541
Hombres,62,0.024973,0.025843,0.026602,0.027077,0.026814,0.026012,0.025769,0.025121,0.024052,0.02365,0.023503,0.022787,0.022261,0.021395,0.020895,0.020976,0.020281,0.020099,0.020453,0.020243,0.019866,0.019328,0.019146,0.019017,0.018955,0.01912,0.018727,0.018393,0.018108,0.017447,0.016588,0.016219,0.016259,0.016278,0.015845,0.016016,0.015668,0.015821,0.016265,0.01662,0.016832,0.016522,0.016235,0.016186,0.016385,0.01681
Hombres,63,0.026716,0.027675,0.028488,0.028976,0.028694,0.027841,0.027571,0.026884,0.025751,0.025321,0.025175,0.024432,0.023882,0.022972,0.022456,0.022562,0.021831,0.021642,0.022035,0.021818,0.021415,0.02084,0.020647,0.020509,0.020445,0.02062,0.020199,0.019838,0.019536,0.018825,0.017905,0.017518,0.017569,0.017594,0.017129,0.017318,0.016944,0.01711,0.017589,0.017976,0.018203,0.017871,0.017559,0.017511,0.017728,0.018185
Hombres,64,0.028598,0.029666,0.030502,0.031025,0.030713,0.029797,0.029514,0.02878,0.027571,0.027113,0.026982,0.026193,0.025626,0.024664,0.024134,0.02427,0.023499,0.023306,0.02374,0.023517,0.023088,0.022469,0.022267,0.022122,0.022048,0.022241,0.021783,0.021399,0.021075,0.020315,0.019325,0.018914,0.018979,0.019016,0.018522,0.018725,0.018325,0.018506,0.019022,0.019438,0.019688,0.019327,0.018995,0.018944,0.01918,0.019673
Hombres,65,0.030615,0.031788,0.032676,0.033225,0.032893,0.031906,0.031598,0.030809,0.02952,0.029046,0.028911,0.02809,0.027507,0.026501,0.025952,0.026114,0.025299,0.025105,0.025581,0.025346,0.024894,0.024229,0.024014,0.023855,0.023779,0.023983,0.023495,0.023083,0.022731,0.021919,0.020864,0.020428,0.020509,0.020556,0.020028,0.020252,0.019819,0.020015,0.020574,0.021025,0.021295,0.020905,0.020546,0.020496,0.020752,0.02128
Hombres,66,0.032786,0.034073,0.035014,0.035599,0.035215,0.034164,0.033836,0.032994,0.031613,0.031123,0.030997,0.030133,0.029519,0.028468,0.027898,0.028099,0.02724,0.027046,0.027572,0.027323,0.026841,0.026132,0.025902,0.025732,0.025654,0.025873,0.025343,0.024898,0.024524,0.023655,0.022519,0.022062,0.022155,0.02222,0.021653,0.021898,0.021435,0.021646,0.022251,0.022741,0.02303,0.022611,0.022223,0.022174,0.022452,0.02302
Hombres,67,0.035131,0.03653,0.037518,0.038136,0.037731,0.036598,0.036231,0.035338,0.033865,0.033351,0.033233,0.032326,0.031693,0.03059,0.03,0.030233,0.029327,0.029141,0.029717,0.029462,0.028945,0.028183,0.027938,0.027761,0.02767,0.027903,0.02733,0.026854,0.026458,0.025524,0.024311,0.023818,0.023936,0.024012,0.023407,0.02368,0.023181,0.023408,0.024062,0.024591,0.024904,0.024452,0.024038,0.023985,0.02429,0.024901
Hombres,68,0.037645,0.039181,0.040221,0.040846,0.040415,0.039199,0.038812,0.037845,0.036277,0.035733,0.035628,0.034671,0.034031,0.032865,0.032262,0.032544,0.03159,0.031392,0.032034,0.031768,0.031214,0.030392,0.030134,0.029946,0.02985,0.0301,0.029482,0.028964,0.028542,0.02754,0.026238,0.02572,0.025858,0.025955,0.025308,0.025605,0.025064,0.025313,0.026021,0.026596,0.026933,0.026448,0.026,0.025948,0.026275,0.026934
Hombres,69,0.040354,0.042002,0.043106,0.043774,0.043298,0.042001,0.041571,0.040533,0.038868,0.038298,0.038201,0.037207,0.036544,0.035309,0.034696,0.035026,0.034015,0.033829,0.034524,0.034247,0.033658,0.032776,0.032503,0.032296,0.032194,0.032463,0.031794,0.03124,0.030787,0.029714,0.028319,0.027773,0.027934,0.028047,0.027353,0.027679,0.027099,0.027372,0.028141,0.028763,0.029127,0.028599,0.028123,0.028068,0.028423,0.029134
Hombres,70,0.043252,0.045039,0.046202,0.046908,0.046384,0.044987,0.044541,0.043439,0.041656,0.041058,0.040963,0.039921,0.039232,0.037947,0.037323,0.037692,0.036638,0.036447,0.037219,0.036923,0.0363,0.035355,0.035052,0.034844,0.034728,0.035016,0.03429,0.033697,0.033212,0.032062,0.030563,0.029987,0.030173,0.030304,0.029568,0.029925,0.029301,0.029597,0.030429,0.031103,0.031498,0.030928,0.030414,0.030364,0.030745,0.031506
Hombres,71,0.046364,0.048312,0.049526,0.050277,0.04971,0.048198,0.047724,0.04653,0.044634,0.044001,0.043923,0.042842,0.042122,0.040784,0.040142,0.040563,0.039454,0.039267,0.040113,0.039817,0.039138,0.038133,0.037802,0.03758,0.037461,0.037762,0.036976,0.036344,0.035823,0.034588,0.032978,0.032368,0.032587,0.032744,0.031961,0.032354,0.03168,0.032002,0.0329,0.033627,0.034059,0.033442,0.03289,0.032837,0.033256,0.034073
Hombres,72,0.049728,0.051791,0.053076,0.053866,0.053258,0.051652,0.051131,0.049857,0.047814,0.047158,0.047104,0.045962,0.045236,0.043829,0.043168,0.043657,0.042486,0.042302,0.043236,0.042923,0.042205,0.041117,0.040776,0.040534,0.040397,0.040721,0.039879,0.03919,0.038639,0.037309,0.035584,0.034943,0.035189,0.035382,0.034537,0.03497,0.034243,0.034598,0.035571,0.036359,0.036825,0.036162,0.035567,0.035517,0.03597,0.036847
Hombres,73,0.053322,0.055541,0.056914,0.057725,0.057064,0.055347,0.054765,0.053413,0.051244,0.050551,0.050519,0.049325,0.048574,0.047098,0.046423,0.046983,0.045752,0.045581,0.046594,0.046273,0.045505,0.044334,0.043969,0.043706,0.04356,0.043907,0.042994,0.042257,0.041664,0.040243,0.038401,0.037718,0.038004,0.038217,0.037322,0.037797,0.037015,0.0374,0.038459,0.039311,0.039811,0.039096,0.038458,0.038405,0.038897,0.039838
Hombres,74,0.057168,0.059553,0.061002,0.06187,0.06117,0.059298,0.058674,0.057221,0.054899,0.054187,0.05417,0.052918,0.05216,0.050615,0.049918,0.050568,0.049266,0.049095,0.050204,0.049884,0.049058,0.047807,0.047411,0.047135,0.046982,0.047344,0.04636,0.04556,0.044927,0.043406,0.041426,0.04071,0.041034,0.041285,0.040328,0.040847,0.040007,0.040424,0.041571,0.042492,0.043041,0.042264,0.041584,0.041527,0.042057,0.04307
Hombres,75,0.061308,0.063853,0.065373,0.066296,0.06553,0.063523,0.062876,0.06131,0.058833,0.058087,0.058089,0.056786,0.056001,0.054388,0.053681,0.054421,0.053044,0.052877,0.054106,0.053765,0.052892,0.051546,0.051125,0.050832,0.050657,0.051051,0.049979,0.049119,0.048448,0.046807,0.044685,0.043928,0.044302,0.044594,0.043571,0.044131,0.043235,0.043692,0.044934,0.04593,0.046522,0.04569,0.044953,0.0449,0.045474,0.046557
Hombres,76,0.065726,0.068466,0.070071,0.071024,0.070221,0.068083,0.067362,0.065668,0.063049,0.062246,0.06228,0.060932,0.06014,0.058442,0.05773,0.058549,0.057107,0.056971,0.058296,0.057948,0.057025,0.055573,0.055117,0.054799,0.05461,0.055029,0.053874,0.052955,0.052228,0.050473,0.048196,0.047394,0.047815,0.048153,0.047061,0.047687,0.04672,0.047213,0.048555,0.049641,0.050281,0.049379,0.048591,0.048537,0.04916,0.050323
Hombres,77,0.070494,0.073391,0.075076,0.076114,0.075227,0.072915,0.072148,0.070363,0.067561,0.066727,0.066778,0.065362,0.064562,0.062797,0.062062,0.062996,0.061471,0.061334,0.062797,0.06245,0.061458,0.059889,0.059427,0.05907,0.058872,0.059321,0.058061,0.057066,0.056299,0.054427,0.051985,0.05114,0.051606,0.051988,0.050828,0.051512,0.050476,0.051013,0.052471,0.053635,0.054327,0.053366,0.052513,0.052462,0.053132,0.054383
Hombres,78,0.075564,0.078675,0.080455,0.081528,0.080589,0.078134,0.077298,0.075368,0.072371,0.071498,0.071602,0.070108,0.069283,0.067454,0.066722,0.067757,0.066151,0.066052,0.067633,0.067278,0.066231,0.064555,0.064042,0.063679,0.063441,0.063926,0.062564,0.061506,0.060668,0.058661,0.056048,0.055154,0.055689,0.056124,0.054894,0.055636,0.054528,0.055108,0.056682,0.057947,0.058696,0.057657,0.056742,0.056695,0.05742,0.058764
Hombres,79,0.081039,0.084301,0.086193,0.087361,0.086341,0.083688,0.082756,0.080725,0.07752,0.076589,0.076763,0.075198,0.074367,0.072444,0.071706,0.072877,0.071177,0.071103,0.07284,0.072473,0.071362,0.069558,0.069004,0.068609,0.068358,0.068868,0.067419,0.066271,0.065379,0.063226,0.060413,0.059473,0.060077,0.060571,0.059258,0.060076,0.058884,0.059521,0.06122,0.06259,0.063401,0.062282,0.061296,0.061256,0.062041,0.063479
Hombres,80,0.086854,0.090329,0.092305,0.093552,0.092476,0.089637,0.088627,0.086436,0.083015,0.082082,0.082269,0.080628,0.079807,0.077776,0.077054,0.078348,0.07659,0.076514,0.07843,0.078058,0.076852,0.074924,0.07435,0.073924,0.073657,0.074195,0.072615,0.071391,0.070441,0.06813,0.065131,0.064123,0.064802,0.065363,0.063961,0.064865,0.063571,0.064277,0.066108,0.067599,0.068481,0.067259,0.066216,0.066169,0.067013,0.068558
Hombres,81,0.093049,0.096771,0.098878,0.100168,0.099004,0.095974,0.094919,0.092537,0.08892,0.087902,0.088159,0.086441,0.085611,0.083509,0.082793,0.084236,0.082367,0.082348,0.084423,0.084045,0.082784,0.080706,0.080092,0.079638,0.079353,0.079899,0.078203,0.076875,0.075877,0.073392,0.070172,0.069132,0.069884,0.070521,0.069042,0.07001,0.068628,0.06939,0.071384,0.072985,0.073934,0.072639,0.071499,0.071469,0.07238,0.074033
Hombres,82,0.099673,0.103659,0.105869,0.10726,0.106021,0.102746,0.101638,0.099074,0.095203,0.094147,0.094421,0.092686,0.091859,0.089629,0.088926,0.090538,0.088602,0.088617,0.090844,0.090472,0.089145,0.086914,0.08625,0.085754,0.085464,0.086047,0.084212,0.082792,0.081724,0.079063,0.075614,0.074523,0.075355,0.076082,0.074488,0.075549,0.074082,0.074899,0.07706,0.078784,0.079821,0.078416,0.077202,0.077164,0.078152,0.079933
Hombres,83,0.106813,0.111032,0.113337,0.114804,0.11346,0.110034,0.10878,0.106021,0.101884,0.100802,0.101162,0.099328,0.098497,0.096216,0.095526,0.097309,0.095256,0.095295,0.097756,0.09738,0.095945,0.093579,0.092883,0.092344,0.092001,0.092656,0.090671,0.089127,0.08797,0.085141,0.081448,0.080286,0.081234,0.082041,0.080357,0.08152,0.079939,0.08083,0.08316,0.085035,0.086145,0.084649,0.083331,0.08331,0.08437,0.086269
Hombres,84,0.114437,0.118827,0.121285,0.12284,0.121455,0.117706,0.116376,0.113505,0.1091,0.107911,0.108326,0.106481,0.105599,0.103225,0.102561,0.104549,0.10242,0.102501,0.105179,0.104813,0.103269,0.100716,0.099988,0.099428,0.099061,0.099726,0.097596,0.095945,0.094696,0.091666,0.087703,0.086498,0.087564,0.08844,0.08666,0.08793,0.086227,0.087212,0.089724,0.091754,0.09295,0.091338,0.089938,0.089915,0.091064,0.093102
Hombres,85,0.122736,0.127302,0.129918,0.131566,0.130139,0.126053,0.124644,0.121658,0.116973,0.115672,0.116144,0.11429,0.113354,0.110885,0.110248,0.112452,0.110246,0.110372,0.113279,0.112923,0.111265,0.108517,0.107755,0.107174,0.106782,0.107456,0.105173,0.10341,0.102064,0.098822,0.094576,0.093327,0.094518,0.095466,0.093585,0.094969,0.093138,0.094222,0.096926,0.099119,0.100406,0.098673,0.097186,0.097161,0.098405,0.100588
Hombres,86,0.131778,0.136523,0.139303,0.141046,0.139579,0.13514,0.13365,0.130545,0.12557,0.124152,0.124684,0.122822,0.12183,0.119263,0.118658,0.121089,0.118803,0.118977,0.122124,0.121779,0.120003,0.117049,0.116253,0.11565,0.115232,0.115914,0.113472,0.111591,0.110143,0.106681,0.102135,0.100841,0.102165,0.10319,0.101203,0.102706,0.10074,0.101931,0.104836,0.107202,0.108584,0.106724,0.105145,0.105118,0.106462,0.108798
Hombres,87,0.141637,0.146565,0.149515,0.151356,0.149847,0.145041,0.143469,0.140243,0.134966,0.133426,0.134021,0.132154,0.131104,0.128436,0.127865,0.130535,0.128167,0.128393,0.13179,0.131459,0.129558,0.126391,0.125559,0.124934,0.12449,0.125179,0.122571,0.120567,0.119012,0.115318,0.110459,0.109119,0.110583,0.111688,0.109591,0.111221,0.109113,0.110415,0.113533,0.11608,0.117562,0.115568,0.113894,0.113865,0.115314,0.11781
Hombres,88,0.152397,0.15751,0.160634,0.162575,0.161025,0.155841,0.154182,0.150834,0.145246,0.143579,0.14424,0.14237,0.14126,0.13849,0.137955,0.140875,0.138425,0.138705,0.142363,0.142047,0.140018,0.136628,0.13576,0.135112,0.13464,0.135336,0.132555,0.130423,0.128757,0.124822,0.119635,0.118248,0.11986,0.12105,0.118838,0.120601,0.118344,0.119765,0.123105,0.12584,0.127426,0.125293,0.123521,0.123489,0.125048,0.127711
Hombres,89,0.16415,0.169449,0.17275,0.174794,0.173203,0.167628,0.165882,0.16241,0.156503,0.154704,0.155434,0.153565,0.152392,0.149518,0.149024,0.152204,0.149672,0.150009,0.153937,0.153638,0.151476,0.147856,0.146951,0.146281,0.145779,0.146481,0.143521,0.141258,0.139475,0.135289,0.129762,0.128326,0.130095,0.131373,0.129043,0.130945,0.128533,0.130077,0.133648,0.136581,0.138275,0.135997,0.134123,0.134089,0.135762,0.138598
Hombres,90,0.176997,0.182482,0.185965,0.188113,0.186482,0.180507,0.178671,0.175075,0.168842,0.166907,0.167708,0.165843,0.164608,0.161629,0.161178,0.164628,0.162013,0.162411,0.166618,0.166338,0.164039,0.160182,0.15924,0.158547,0.158015,0.158722,0.155578,0.153178,0.151276,0.146831,0.14095,0.139467,0.141399,0.142769,0.140317,0.142363,0.139791,0.141464,0.145276,0.148413,0.150219,0.147791,0.145812,0.145775,0.147568,0.150582
Hombres,91,0.191055,0.196724,0.20039,0.202641,0.200973,0.194589,0.192664,0.188945,0.182381,0.180306,0.181181,0.179324,0.178024,0.174941,0.174538,0.178266,0.175569,0.17603,0.180523,0.180263,0.177825,0.173725,0.172747,0.172031,0.171469,0.172178,0.168846,0.166307,0.164282,0.159571,0.153327,0.151794,0.153897,0.155362,0.152785,0.154982,0.152243,0.154051,0.158111,0.161458,0.16338,0.160798,0.158711,0.158672,0.160587,0.163785
Hombres,92,0.20645,0.212298,0.216146,0.218501,0.216797,0.210002,0.207987,0.204147,0.19725,0.195033,0.195983,0.194139,0.192774,0.189588,0.189236,0.193249,0.190473,0.190999,0.195783,0.195545,0.192966,0.188621,0.187605,0.186868,0.186274,0.186985,0.183462,0.180782,0.178631,0.173649,0.167032,0.165451,0.167731,0.169294,0.166591,0.168942,0.166033,0.16798,0.172293,0.175857,0.177896,0.175156,0.172961,0.17292,0.17496,0.178344
Hombres,93,0.223323,0.229345,0.233373,0.23583,0.234093,0.226885,0.224782,0.220825,0.213597,0.211236,0.212263,0.210437,0.209008,0.205721,0.205423,0.209726,0.206874,0.207467,0.212544,0.212331,0.20961,0.205017,0.203966,0.203207,0.202583,0.203294,0.199577,0.196755,0.194477,0.189222,0.182227,0.180599,0.183061,0.184724,0.181894,0.184403,0.181321,0.18341,0.187981,0.191764,0.193922,0.191023,0.188719,0.188675,0.190843,0.194415
Hombres,94,0.241835,0.248018,0.252223,0.254778,0.253012,0.245397,0.243206,0.23914,0.231586,0.229081,0.230186,0.228384,0.226891,0.223508,0.223268,0.227862,0.224938,0.225601,0.23097,0.230782,0.227922,0.223084,0.221998,0.221219,0.220564,0.221272,0.217365,0.214401,0.211996,0.206468,0.199093,0.197421,0.200068,0.201832,0.198875,0.201545,0.198288,0.200523,0.205353,0.209355,0.211632,0.208575,0.206162,0.206115,0.208412,0.212172
Hombres,95,0.26216,0.268492,0.272865,0.275513,0.273723,0.265711,0.263438,0.259271,0.251402,0.248756,0.249938,0.248166,0.246611,0.24314,0.242961,0.247843,0.244855,0.245588,0.251243,0.251083,0.248087,0.243008,0.24189,0.241093,0.240408,0.241111,0.237016,0.233915,0.231384,0.225587,0.217837,0.216123,0.218957,0.220821,0.217742,0.220571,0.217141,0.219521,0.224608,0.228829,0.231223,0.228008,0.22549,0.22544,0.227864,0.231809
Hombres,96,0.284498,0.290959,0.295488,0.298222,0.296415,0.288025,0.285675,0.281418,0.273254,0.270471,0.271728,0.269994,0.268381,0.264829,0.264715,0.269877,0.266834,0.267637,0.273567,0.273437,0.270311,0.265003,0.263854,0.263042,0.262329,0.263023,0.258749,0.255516,0.252863,0.246807,0.238692,0.23694,0.239961,0.241923,0.238726,0.241712,0.238114,0.240638,0.245974,0.250407,0.252914,0.249548,0.246929,0.246876,0.249424,0.253546
Hombres,97,0.30907,0.315636,0.320305,0.323115,0.321296,0.312557,0.310139,0.305808,0.297374,0.294462,0.295792,0.294103,0.292437,0.288818,0.28877,0.2942,0.291111,0.291983,0.298171,0.298072,0.294826,0.289304,0.28813,0.287305,0.286565,0.287248,0.282808,0.279451,0.276684,0.270385,0.261924,0.26014,0.263342,0.265399,0.262092,0.26523,0.261471,0.264134,0.269707,0.274341,0.276955,0.273446,0.270733,0.270679,0.273344,0.277632
Hombres,98,0.336123,0.342762,0.34755,0.350422,0.348601,0.339552,0.337077,0.332693,0.324026,0.320996,0.322393,0.320759,0.319047,0.315376,0.315396,0.321073,0.317954,0.318892,0.325312,0.325244,0.321893,0.31618,0.314986,0.314152,0.313389,0.314057,0.309467,0.306001,0.30313,0.296612,0.287836,0.286027,0.289401,0.291544,0.288141,0.29142,0.287514,0.290307,0.296098,0.300915,0.303625,0.299988,0.297192,0.297135,0.299908,0.304346
Hombres,99,0.365934,0.372608,0.377485,0.380402,0.378591,0.369287,0.366769,0.362356,0.353505,0.350374,0.351832,0.350262,0.348513,0.344811,0.3449,0.350792,0.347662,0.348661,0.355276,0.355241,0.351804,0.345932,0.344724,0.343886,0.343104,0.343753,0.339039,0.335483,0.332523,0.325818,0.316771,0.314947,0.318477,0.320698,0.317215,0.320619,0.316585,0.319496,0.325474,0.330451,0.333243,0.329496,0.326632,0.326573,0.32944,0.334004
Hombres,100,0.398816,0.405476,0.410406,0.413346,0.411557,0.402068,0.399526,0.395117,0.386147,0.382937,0.384444,0.382949,0.381176,0.37747,0.377626,0.383692,0.380571,0.381624,0.388386,0.388384,0.384886,0.378898,0.377686,0.376849,0.376054,0.376678,0.371875,0.368252,0.365224,0.35838,0.349121,0.347295,0.350959,0.353241,0.349704,0.35321,0.349074,0.352084,0.35821,0.363311,0.366166,0.362336,0.359423,0.359363,0.362303,0.366961
Hombres,101,0.435117,0.441703,0.446639,0.449574,0.447823,0.438242,0.435699,0.431334,0.422326,0.419068,0.42061,0.419202,0.417421,0.413742,0.413964,0.420146,0.417063,0.418159,0.425004,0.425034,0.421508,0.41546,0.414254,0.413426,0.412625,0.413221,0.408372,0.404716,0.401647,0.394724,0.385335,0.383522,0.387288,0.389612,0.38605,0.389627,0.385427,0.388509,0.394727,0.399908,0.402799,0.39892,0.395986,0.395924,0.398912,0.403621
Hombres,102,0.475231,0.481669,0.486553,0.489449,0.487755,0.478198,0.475684,0.47141,0.46247,0.459203,0.46076,0.459451,0.457683,0.454072,0.454355,0.460577,0.457567,0.458692,0.465538,0.465598,0.462086,0.45605,0.454864,0.454054,0.453256,0.453817,0.448978,0.445332,0.442258,0.435336,0.425924,0.424144,0.427967,0.430307,0.42676,0.430367,0.42615,0.429268,0.435508,0.440707,0.443601,0.439719,0.436796,0.436734,0.439734,0.44444
Hombres,103,0.519597,0.525799,0.530559,0.533373,0.531758,0.522373,0.519924,0.5158,0.50706,0.503833,0.505382,0.504185,0.502455,0.498963,0.499297,0.505465,0.502567,0.503702,0.510445,0.510533,0.507087,0.501154,0.500004,0.499224,0.498441,0.498961,0.494205,0.490622,0.487588,0.480769,0.471472,0.46975,0.473573,0.475892,0.472412,0.475995,0.471824,0.474931,0.481099,0.486238,0.489092,0.485264,0.482396,0.482335,0.485302,0.489934
Hombres,104,0.568713,0.574571,0.579119,0.581799,0.580289,0.571258,0.56892,0.565018,0.55664,0.553516,0.555026,0.553955,0.552296,0.548982,0.549358,0.555347,0.552612,0.553733,0.560241,0.560351,0.557038,0.551322,0.550229,0.549492,0.548739,0.549211,0.544628,0.541176,0.538242,0.531656,0.522651,0.521015,0.524762,0.527016,0.523667,0.527156,0.523111,0.526145,0.532123,0.537103,0.539862,0.536161,0.533401,0.533342,0.536219,0.54069
Hombres,105,0.623137,0.628523,0.632748,0.635233,0.633859,0.625407,0.623235,0.619642,0.611828,0.608887,0.610317,0.609387,0.607838,0.604779,0.605178,0.610835,0.608322,0.609396,0.615506,0.615633,0.612535,0.607177,0.606166,0.605488,0.604784,0.605199,0.600903,0.597668,0.594906,0.588715,0.580228,0.578716,0.582286,0.584419,0.581281,0.584588,0.580769,0.583652,0.58929,0.593985,0.596579,0.593099,0.590515,0.590459,0.593172,0.59737
Hombres,106,0.6835,0.688258,0.69203,0.694241,0.69304,0.685445,0.683505,0.680327,0.673324,0.670664,0.671965,0.671192,0.669802,0.667086,0.667487,0.672617,0.670399,0.671387,0.676896,0.677031,0.674247,0.669423,0.668524,0.667925,0.667292,0.667644,0.663774,0.66086,0.658363,0.652772,0.645085,0.64374,0.64701,0.648948,0.646123,0.649132,0.645669,0.6483,0.653408,0.657661,0.660005,0.656861,0.654535,0.654484,0.656943,0.66073
Hombres,107,0.750512,0.754456,0.757615,0.759462,0.758477,0.752075,0.75045,0.74781,0.741922,0.739665,0.740775,0.740174,0.739004,0.736742,0.737114,0.741478,0.739639,0.740491,0.74515,0.745279,0.742933,0.73886,0.73811,0.737613,0.737079,0.737358,0.734088,0.731625,0.729507,0.724768,0.718234,0.717112,0.71992,0.721572,0.719185,0.721755,0.718808,0.721061,0.725404,0.729017,0.731004,0.728339,0.726375,0.726332,0.728422,0.731628
Hombres,108,0.824975,0.827884,0.830237,0.831609,0.83089,0.826092,0.824882,0.822931,0.818526,0.816823,0.817665,0.81725,0.816374,0.814697,0.815,0.818301,0.816945,0.817598,0.821102,0.821211,0.819452,0.816392,0.815836,0.815469,0.815068,0.815265,0.812806,0.810955,0.809356,0.805783,0.800841,0.800007,0.802152,0.803406,0.80161,0.803563,0.801331,0.803047,0.806332,0.809064,0.810562,0.808552,0.807077,0.807044,0.808624,0.811038
Hombres,109,0.907796,0.909407,0.910723,0.911488,0.911094,0.908395,0.907718,0.906636,0.904162,0.903198,0.903677,0.903463,0.902971,0.902037,0.902221,0.904095,0.903344,0.903718,0.905696,0.905764,0.904775,0.90305,0.902739,0.902536,0.90231,0.902414,0.901027,0.899982,0.899076,0.897054,0.894247,0.893782,0.895012,0.895726,0.894712,0.895825,0.894557,0.895537,0.897403,0.898953,0.8998,0.898663,0.897831,0.897812,0.898709,0.900074
Mujeres,0,0.070957,0.064338,0.061909,0.060148,0.058676,0.057444,0.056183,0.054642,0.052246,0.049427,0.046274,0.042825,0.039274,0.036877,0.03467,0.032757,0.03117,0.02974,0.028455,0.029104,0.027888,0.025147,0.024324,0.023384,0.022593,0.021887,0.021132,0.020278,0.019406,0.018501,0.017562,0.016572,0.015694,0.014965,0.014399,0.013935,0.013515,0.013133,0.01276,0.012417,0.012108,0.011802,0.01146,0.011075,0.010702,0.010492
Mujeres,1,0.01723,0.01521,0.014041,0.013068,0.012219,0.011188,0.010163,0.009231,0.008239,0.007388,0.006602,0.005839,0.005157,0.004702,0.004334,0.003959,0.003652,0.003416,0.003209,0.002913,0.002724,0.00259,0.002378,0.002134,0.001944,0.001781,0.001634,0.00152,0.001448,0.001376,0.001295,0.001212,0.001131,0.00107,0.001018,0.000969,0.000926,0.000884,0.000846,0.000811,0.000778,0.000752,0.000731,0.000715,0.000702,0.000687
Mujeres,2,0.009428,0.007773,0.007184,0.00665,0.006163,0.005577,0.005001,0.004489,0.003983,0.003554,0.003159,0.002795,0.002486,0.002261,0.002088,0.001927,0.001807,0.00171,0.001619,0.001495,0.001403,0.001326,0.001219,0.001095,0.000994,0.000907,0.000834,0.000777,0.000739,0.000704,0.00067,0.000638,0.000609,0.000591,0.000578,0.000567,0.000559,0.000549,0.000539,0.000526,0.000512,0.000499,0.000484,0.000471,0.000458,0.000446
Mujeres,3,0.006285,0.004915,0.004561,0.004215,0.00389,0.003499,0.003116,0.00278,0.002465,0.002198,0.001953,0.001735,0.001556,0.001415,0.00131,0.001219,0.001158,0.001107,0.001055,0.000988,0.00093,0.000875,0.000806,0.000726,0.000658,0.000601,0.000553,0.000518,0.000492,0.00047,0.00045,0.000433,0.00042,0.000414,0.000413,0.000413,0.000415,0.000415,0.000414,0.000409,0.000401,0.000392,0.000381,0.000369,0.000357,0.000345
Mujeres,4,0.004719,0.003701,0.003475,0.003233,0.002882,0.002603,0.002323,0.002052,0.001808,0.001612,0.001446,0.001282,0.001145,0.001055,0.000978,0.000929,0.000879,0.000847,0.000817,0.000775,0.000728,0.000677,0.000625,0.000574,0.000521,0.000483,0.000444,0.000412,0.000388,0.000367,0.000346,0.000334,0.000331,0.000333,0.000333,0.000343,0.000345,0.000354,0.000358,0.00036,0.000357,0.00035,0.000342,0.000333,0.000324,0.000318
Mujeres,5,0.003343,0.002721,0.002623,0.002462,0.002118,0.001917,0.00171,0.001493,0.001306,0.001165,0.001057,0.000939,0.000837,0.00078,0.000723,0.000701,0.000663,0.000644,0.000627,0.000603,0.000564,0.000516,0.000477,0.000446,0.000405,0.000379,0.000345,0.000316,0.000294,0.000275,0.000256,0.00025,0.000253,0.000261,0.000265,0.000283,0.000288,0.000305,0.000315,0.000326,0.000328,0.000324,0.000315,0.000309,0.000304,0.000303
Mujeres,6,0.002768,0.002173,0.002095,0.001968,0.001695,0.001537,0.001377,0.001206,0.001061,0.00095,0.000863,0.000766,0.000686,0.000641,0.000596,0.000579,0.00055,0.000537,0.000525,0.000507,0.000475,0.000437,0.000405,0.00038,0.000347,0.000328,0.000302,0.000277,0.000259,0.000244,0.000227,0.000222,0.000225,0.000233,0.000236,0.000253,0.000257,0.000272,0.00028,0.00029,0.000292,0.000288,0.000281,0.000275,0.000271,0.00027
Mujeres,7,0.002366,0.0018,0.001736,0.001633,0.00141,0.001282,0.001153,0.001016,0.000898,0.000807,0.000735,0.000655,0.000587,0.000551,0.000514,0.000501,0.000477,0.000467,0.000458,0.000444,0.000418,0.000385,0.000358,0.000338,0.000311,0.000296,0.000274,0.000254,0.000237,0.000223,0.000208,0.000205,0.000207,0.000214,0.000217,0.000232,0.000236,0.00025,0.000257,0.000267,0.000268,0.000265,0.000259,0.000254,0.00025,0.000249
Mujeres,8,0.002081,0.001537,0.001485,0.0014,0.001212,0.001108,0.001002,0.000887,0.000788,0.000713,0.000652,0.000582,0.000524,0.000494,0.000461,0.000451,0.000431,0.000423,0.000415,0.000403,0.000381,0.000352,0.000329,0.000312,0.000289,0.000276,0.000257,0.000239,0.000225,0.000212,0.000199,0.000195,0.000197,0.000204,0.000207,0.000221,0.000224,0.000237,0.000245,0.000253,0.000255,0.000252,0.000247,0.000242,0.000238,0.000238
Mujeres,9,0.001879,0.00135,0.00131,0.00124,0.001078,0.000991,0.000903,0.000804,0.000719,0.000653,0.000601,0.00054,0.000487,0.00046,0.000431,0.000422,0.000403,0.000397,0.000391,0.000381,0.000361,0.000335,0.000314,0.0003,0.000278,0.000267,0.00025,0.000234,0.000221,0.000208,0.000195,0.000192,0.000195,0.000202,0.000204,0.000218,0.00022,0.000233,0.00024,0.000249,0.000251,0.000248,0.000244,0.000239,0.000237,0.000238
Mujeres,10,0.001748,0.001223,0.001191,0.001133,0.000992,0.000919,0.000844,0.000756,0.00068,0.000621,0.000576,0.00052,0.000472,0.000446,0.000419,0.00041,0.000392,0.000386,0.000381,0.000372,0.000354,0.00033,0.000311,0.000298,0.000278,0.000268,0.000251,0.000236,0.000224,0.000213,0.0002,0.000197,0.0002,0.000207,0.00021,0.000223,0.000226,0.000239,0.000246,0.000255,0.000258,0.000256,0.000252,0.000248,0.000246,0.000248
Mujeres,11,0.001672,0.001143,0.001118,0.001071,0.000945,0.000882,0.000817,0.000738,0.000667,0.000614,0.000571,0.000519,0.000473,0.000449,0.000422,0.000413,0.000395,0.000388,0.000383,0.000375,0.000358,0.000336,0.000318,0.000306,0.000288,0.000279,0.000263,0.000248,0.000236,0.000225,0.000213,0.000211,0.000214,0.000221,0.000224,0.000237,0.00024,0.000254,0.000261,0.000272,0.000276,0.000274,0.000269,0.000266,0.000265,0.000269
Mujeres,12,0.001641,0.001102,0.001084,0.001046,0.000929,0.000877,0.000819,0.000743,0.000676,0.000625,0.000586,0.000535,0.000489,0.000466,0.000438,0.000429,0.000409,0.000401,0.000397,0.000389,0.000372,0.000351,0.000334,0.000324,0.000307,0.0003,0.000284,0.000269,0.000258,0.000247,0.000234,0.000232,0.000236,0.000244,0.000246,0.000261,0.000264,0.000279,0.000288,0.0003,0.000303,0.000301,0.000298,0.000295,0.000294,0.000298
Mujeres,13,0.001648,0.001096,0.001085,0.001055,0.000945,0.000899,0.000844,0.00077,0.000703,0.000652,0.000615,0.000564,0.000517,0.000494,0.000466,0.000456,0.000433,0.000423,0.000419,0.000411,0.000394,0.000373,0.000358,0.00035,0.000334,0.000329,0.000313,0.000297,0.000287,0.000276,0.000262,0.00026,0.000265,0.000274,0.000276,0.000292,0.000295,0.000311,0.000321,0.000335,0.00034,0.000338,0.000336,0.000332,0.000331,0.000335
Mujeres,14,0.001689,0.001124,0.001118,0.001092,0.000984,0.000942,0.00089,0.000816,0.000747,0.000695,0.000657,0.000605,0.000557,0.000531,0.0005,0.000489,0.000464,0.000453,0.000447,0.00044,0.000423,0.000401,0.000387,0.000382,0.000367,0.000364,0.000347,0.000331,0.000321,0.00031,0.000294,0.000292,0.000299,0.000308,0.00031,0.000328,0.00033,0.000349,0.000361,0.000376,0.000383,0.000381,0.000379,0.000375,0.000374,0.000377
Mujeres,15,0.001756,0.001178,0.001178,0.001158,0.001047,0.001006,0.000953,0.000875,0.000803,0.000749,0.000709,0.000654,0.000603,0.000576,0.000543,0.00053,0.000501,0.000488,0.000482,0.000473,0.000455,0.000433,0.000419,0.000416,0.000403,0.000401,0.000384,0.000368,0.000356,0.000345,0.000328,0.000326,0.000332,0.000343,0.000345,0.000366,0.000368,0.000389,0.000402,0.000421,0.000427,0.000426,0.000424,0.000421,0.000418,0.000422
Mujeres,16,0.001843,0.00126,0.001262,0.001244,0.001128,0.001087,0.001032,0.000949,0.000869,0.00081,0.000769,0.000711,0.000655,0.000627,0.00059,0.000576,0.000542,0.000527,0.000519,0.000509,0.00049,0.000466,0.000453,0.000451,0.000439,0.000438,0.000421,0.000403,0.000391,0.000378,0.00036,0.000358,0.000365,0.000377,0.000379,0.000402,0.000405,0.000429,0.000443,0.000463,0.000471,0.000471,0.000469,0.000465,0.000463,0.000465
Mujeres,17,0.001946,0.001364,0.001368,0.001349,0.001225,0.001181,0.00112,0.001032,0.000945,0.00088,0.000835,0.000772,0.000711,0.000681,0.00064,0.000624,0.000586,0.000568,0.000559,0.000548,0.000526,0.000501,0.000487,0.000486,0.000473,0.000474,0.000455,0.000436,0.000423,0.000409,0.000389,0.000387,0.000395,0.000407,0.00041,0.000434,0.000438,0.000464,0.000481,0.000503,0.000513,0.000513,0.000512,0.000508,0.000506,0.000508
Mujeres,18,0.002062,0.001483,0.00149,0.00147,0.001335,0.001285,0.001218,0.001121,0.001027,0.000955,0.000905,0.000837,0.00077,0.000737,0.000693,0.000673,0.000632,0.000611,0.000599,0.000586,0.000563,0.000535,0.00052,0.000519,0.000506,0.000506,0.000486,0.000464,0.000449,0.000434,0.000414,0.000411,0.000419,0.000433,0.000436,0.000463,0.000467,0.000495,0.000513,0.000538,0.000549,0.00055,0.00055,0.000546,0.000544,0.000547
Mujeres,19,0.002185,0.001617,0.001622,0.001601,0.00145,0.001397,0.001324,0.001217,0.001113,0.001033,0.000979,0.000903,0.000832,0.000794,0.000746,0.000725,0.000677,0.000655,0.000641,0.000625,0.0006,0.00057,0.000551,0.000549,0.000534,0.000533,0.000511,0.000487,0.00047,0.000454,0.000433,0.00043,0.000439,0.000454,0.000458,0.000486,0.000491,0.000521,0.00054,0.000568,0.000579,0.000582,0.000582,0.000579,0.000577,0.000581
Mujeres,20,0.002316,0.001762,0.001767,0.001739,0.001576,0.001514,0.001432,0.001315,0.001201,0.001114,0.001052,0.00097,0.000893,0.000853,0.0008,0.000776,0.000724,0.000698,0.000681,0.000663,0.000635,0.000602,0.000582,0.000578,0.00056,0.000558,0.000533,0.000507,0.000488,0.000471,0.000448,0.000445,0.000456,0.00047,0.000475,0.000504,0.000511,0.000542,0.000563,0.000592,0.000605,0.000608,0.00061,0.000607,0.000607,0.000612
Mujeres,21,0.002449,0.001911,0.001916,0.001883,0.001703,0.001632,0.001543,0.001415,0.001291,0.001196,0.001128,0.00104,0.000955,0.000911,0.000854,0.000827,0.00077,0.000741,0.000722,0.000702,0.000671,0.000633,0.000611,0.000604,0.000584,0.000579,0.000551,0.000522,0.000502,0.000484,0.00046,0.000458,0.000468,0.000484,0.000488,0.00052,0.000526,0.00056,0.000581,0.000611,0.000626,0.00063,0.000633,0.000631,0.000633,0.00064
Mujeres,22,0.002583,0.002065,0.002068,0.00203,0.001831,0.001753,0.001655,0.001515,0.001382,0.001279,0.001205,0.001108,0.001017,0.00097,0.000908,0.000878,0.000817,0.000784,0.000763,0.00074,0.000705,0.000665,0.000639,0.000629,0.000606,0.000598,0.000568,0.000537,0.000516,0.000496,0.000472,0.000469,0.000479,0.000495,0.0005,0.000533,0.000539,0.000574,0.000596,0.000627,0.000643,0.000649,0.000652,0.000652,0.000654,0.000664
Mujeres,23,0.002714,0.002219,0.00222,0.002176,0.001959,0.001874,0.001766,0.001617,0.001472,0.001361,0.001281,0.001176,0.001079,0.001027,0.000961,0.000929,0.000863,0.000827,0.000803,0.000778,0.000739,0.000695,0.000666,0.000653,0.000627,0.000617,0.000584,0.000551,0.000528,0.000507,0.000482,0.000479,0.000489,0.000505,0.000511,0.000544,0.000551,0.000586,0.000609,0.000642,0.000658,0.000665,0.000668,0.000669,0.000673,0.000686
Mujeres,24,0.002848,0.002374,0.00237,0.00232,0.002087,0.001994,0.001877,0.001717,0.001563,0.001442,0.001356,0.001244,0.001141,0.001087,0.001016,0.000979,0.00091,0.000871,0.000844,0.000817,0.000776,0.000728,0.000695,0.00068,0.000649,0.000637,0.000601,0.000566,0.000541,0.00052,0.000493,0.00049,0.0005,0.000516,0.000522,0.000556,0.000564,0.000599,0.000622,0.000655,0.000673,0.000679,0.000684,0.000685,0.000692,0.000708
Mujeres,25,0.002978,0.002522,0.002519,0.002465,0.002215,0.002112,0.001986,0.001817,0.001653,0.001525,0.001433,0.001313,0.001203,0.001146,0.00107,0.001032,0.000957,0.000916,0.000887,0.000856,0.000812,0.000761,0.000724,0.000706,0.000673,0.000659,0.00062,0.000583,0.000557,0.000534,0.000507,0.000504,0.000513,0.00053,0.000535,0.000569,0.000577,0.000614,0.000637,0.000669,0.000687,0.000694,0.000699,0.000702,0.000711,0.000728
Mujeres,26,0.003108,0.002672,0.002664,0.002604,0.002338,0.002229,0.002095,0.001915,0.001743,0.001608,0.00151,0.001383,0.001268,0.001206,0.001125,0.001085,0.001006,0.000962,0.00093,0.000897,0.00085,0.000795,0.000756,0.000736,0.000699,0.000684,0.000644,0.000605,0.000577,0.000552,0.000524,0.000519,0.000529,0.000546,0.00055,0.000585,0.000592,0.000629,0.000652,0.000687,0.000704,0.000711,0.000717,0.00072,0.000731,0.000751
Mujeres,27,0.003235,0.002815,0.002806,0.002741,0.002461,0.002344,0.002202,0.002015,0.001833,0.00169,0.001588,0.001454,0.001332,0.001267,0.001184,0.001141,0.001058,0.00101,0.000977,0.000942,0.000891,0.000833,0.000792,0.000769,0.000731,0.000714,0.000672,0.000631,0.000601,0.000575,0.000545,0.00054,0.00055,0.000566,0.00057,0.000605,0.000611,0.000649,0.000672,0.000707,0.000724,0.000731,0.000737,0.000741,0.000753,0.000776
Mujeres,28,0.003362,0.002956,0.002946,0.002877,0.002582,0.002457,0.002312,0.002113,0.001924,0.001776,0.001667,0.001529,0.0014,0.001331,0.001244,0.001199,0.001112,0.001063,0.001027,0.000989,0.000936,0.000875,0.00083,0.000806,0.000766,0.000748,0.000704,0.000662,0.000631,0.000603,0.000571,0.000564,0.000574,0.00059,0.000593,0.000629,0.000636,0.000673,0.000696,0.000731,0.000749,0.000755,0.000761,0.000765,0.000779,0.000804
Mujeres,29,0.00349,0.003096,0.003083,0.00301,0.002702,0.002572,0.002418,0.002216,0.002016,0.001863,0.001749,0.001605,0.00147,0.0014,0.001308,0.001261,0.001169,0.001116,0.001079,0.00104,0.000985,0.000921,0.000874,0.00085,0.000807,0.000789,0.000743,0.000699,0.000666,0.000637,0.000602,0.000594,0.000603,0.000619,0.000622,0.000659,0.000664,0.000701,0.000725,0.00076,0.000778,0.000784,0.00079,0.000794,0.000808,0.000837
Mujeres,30,0.003616,0.003234,0.003221,0.003143,0.002822,0.002689,0.002528,0.002318,0.002112,0.001953,0.001835,0.001684,0.001544,0.00147,0.001376,0.001327,0.001231,0.001177,0.001139,0.001096,0.001039,0.000972,0.000923,0.000899,0.000855,0.000837,0.000789,0.000742,0.000707,0.000675,0.000638,0.00063,0.000638,0.000654,0.000656,0.000694,0.000698,0.000736,0.000759,0.000796,0.000813,0.000819,0.000824,0.000828,0.000844,0.000874
Mujeres,31,0.003745,0.003369,0.003357,0.00328,0.002944,0.002805,0.002643,0.002424,0.002209,0.002046,0.001924,0.001769,0.001623,0.001549,0.001448,0.001398,0.001298,0.001242,0.001201,0.001159,0.001098,0.00103,0.000979,0.000954,0.000909,0.000892,0.000843,0.000793,0.000756,0.000722,0.000681,0.000671,0.00068,0.000696,0.000697,0.000735,0.000739,0.000778,0.0008,0.000836,0.000855,0.00086,0.000865,0.000869,0.000885,0.000918
Mujeres,32,0.003875,0.003504,0.003496,0.003414,0.003068,0.002926,0.00276,0.002534,0.002314,0.002144,0.002019,0.001858,0.001708,0.001631,0.001528,0.001476,0.001372,0.001314,0.001272,0.001227,0.001166,0.001093,0.001041,0.001017,0.000972,0.000955,0.000903,0.000851,0.000812,0.000775,0.000731,0.00072,0.000728,0.000745,0.000744,0.000784,0.000785,0.000825,0.000847,0.000886,0.000903,0.000908,0.000912,0.000916,0.000934,0.000967
Mujeres,33,0.00401,0.003644,0.003635,0.003555,0.003194,0.003052,0.00288,0.002647,0.002423,0.002247,0.002122,0.001954,0.0018,0.001719,0.001614,0.001562,0.001453,0.001393,0.001349,0.001303,0.00124,0.001164,0.001112,0.001088,0.001042,0.001027,0.000973,0.000918,0.000876,0.000836,0.000789,0.000776,0.000783,0.0008,0.000798,0.000839,0.00084,0.00088,0.000903,0.000942,0.00096,0.000964,0.000967,0.000971,0.000989,0.001025
Mujeres,34,0.004153,0.003792,0.003783,0.003703,0.003331,0.003181,0.003007,0.00277,0.002536,0.002357,0.00223,0.002058,0.0019,0.001818,0.001706,0.001655,0.001542,0.001478,0.001434,0.001389,0.001322,0.001245,0.00119,0.001167,0.001121,0.001108,0.001052,0.000992,0.000949,0.000906,0.000854,0.000839,0.000846,0.000863,0.00086,0.000903,0.000901,0.000944,0.000966,0.001007,0.001024,0.001027,0.001031,0.001034,0.001053,0.00109
Mujeres,35,0.0043,0.00394,0.003934,0.003852,0.00347,0.003321,0.003146,0.002898,0.002661,0.002477,0.002347,0.00217,0.002005,0.001924,0.001809,0.001756,0.001639,0.001573,0.00153,0.001482,0.001413,0.001333,0.001279,0.001258,0.001211,0.0012,0.00114,0.001078,0.00103,0.000983,0.000926,0.000909,0.000916,0.000934,0.00093,0.000975,0.000971,0.001015,0.001038,0.00108,0.001097,0.001099,0.001103,0.001106,0.001125,0.001165
Mujeres,36,0.004451,0.004098,0.004094,0.004017,0.003619,0.003472,0.003289,0.00304,0.002792,0.002604,0.002473,0.002294,0.002122,0.002039,0.001923,0.001869,0.001747,0.00168,0.001634,0.001587,0.001515,0.001432,0.001376,0.001359,0.001312,0.001301,0.001239,0.001171,0.001121,0.00107,0.001008,0.000989,0.000996,0.001014,0.001008,0.001055,0.001049,0.001096,0.00112,0.001163,0.00118,0.001181,0.001184,0.001187,0.001207,0.001248
Mujeres,37,0.004619,0.004265,0.004264,0.004188,0.00378,0.003629,0.003446,0.00319,0.002935,0.002744,0.002611,0.002425,0.002251,0.002166,0.002046,0.001991,0.001865,0.001796,0.001752,0.001703,0.00163,0.001543,0.001487,0.001471,0.001423,0.001414,0.001348,0.001277,0.001222,0.001166,0.001099,0.001078,0.001084,0.001103,0.001096,0.001146,0.001137,0.001186,0.00121,0.001255,0.001273,0.001274,0.001275,0.001278,0.001299,0.001343
Mujeres,38,0.004794,0.004446,0.004449,0.004374,0.003952,0.003803,0.003614,0.003352,0.003092,0.002896,0.002761,0.002571,0.002391,0.002306,0.002183,0.002129,0.001997,0.001926,0.00188,0.001831,0.001755,0.001666,0.001609,0.001594,0.001547,0.00154,0.00147,0.001394,0.001333,0.001274,0.0012,0.001176,0.001183,0.001203,0.001193,0.001246,0.001235,0.001287,0.001311,0.001358,0.001376,0.001375,0.001378,0.00138,0.001402,0.001448
Mujeres,39,0.004979,0.004643,0.004649,0.004575,0.004139,0.003988,0.003801,0.003529,0.003259,0.00306,0.002925,0.002729,0.002543,0.002461,0.002332,0.00228,0.00214,0.002068,0.002021,0.001971,0.001893,0.001801,0.001743,0.001731,0.001683,0.001679,0.001606,0.001523,0.001458,0.001394,0.001312,0.001285,0.001292,0.001313,0.001301,0.001357,0.001344,0.001398,0.001423,0.001473,0.001491,0.001491,0.001492,0.001493,0.001516,0.001565
Mujeres,40,0.005183,0.004854,0.004866,0.004793,0.004342,0.00419,0.003999,0.003721,0.003444,0.003241,0.003105,0.002903,0.002711,0.002629,0.002495,0.002445,0.002298,0.002226,0.002178,0.002128,0.002047,0.00195,0.001892,0.001884,0.001835,0.001832,0.001754,0.001665,0.001595,0.001525,0.001436,0.001406,0.001414,0.001436,0.001421,0.001481,0.001464,0.001522,0.001546,0.0016,0.001618,0.001616,0.001617,0.001619,0.001644,0.001694
Mujeres,41,0.005406,0.005084,0.005102,0.005033,0.004567,0.004409,0.004218,0.00393,0.003646,0.003434,0.0033,0.003094,0.002896,0.002813,0.002677,0.002625,0.002474,0.002398,0.002351,0.0023,0.002216,0.002115,0.002055,0.002051,0.002,0.002001,0.001916,0.001821,0.001746,0.001669,0.001571,0.00154,0.001547,0.00157,0.001553,0.001616,0.001597,0.001658,0.001683,0.001741,0.001759,0.001756,0.001756,0.001759,0.001785,0.001838
Mujeres,42,0.005641,0.005338,0.00536,0.005295,0.004806,0.00465,0.004457,0.00416,0.003865,0.003652,0.003512,0.0033,0.003099,0.003015,0.002877,0.002826,0.002667,0.002587,0.002541,0.00249,0.002404,0.002296,0.002236,0.002235,0.002183,0.002186,0.002096,0.001993,0.001911,0.001828,0.001721,0.001686,0.001695,0.001718,0.0017,0.001767,0.001744,0.001808,0.001835,0.001895,0.001914,0.00191,0.001911,0.001912,0.00194,0.001998
Mujeres,43,0.005902,0.005614,0.00564,0.00558,0.005071,0.004911,0.004714,0.00441,0.004106,0.003884,0.003749,0.003529,0.003318,0.003237,0.003092,0.003047,0.002879,0.002797,0.002751,0.0027,0.002608,0.002496,0.002433,0.002437,0.002383,0.002389,0.002292,0.002181,0.002093,0.002003,0.001886,0.001849,0.001856,0.001883,0.001859,0.001932,0.001905,0.001973,0.002002,0.002065,0.002085,0.002081,0.002081,0.002082,0.002112,0.002173
Mujeres,44,0.006188,0.005919,0.005955,0.005891,0.00536,0.0052,0.005001,0.004684,0.004368,0.004144,0.004006,0.003779,0.003561,0.00348,0.003331,0.003289,0.00311,0.003028,0.002981,0.00293,0.002836,0.002717,0.002653,0.002658,0.002602,0.002613,0.002508,0.002386,0.002293,0.002194,0.002068,0.002025,0.002034,0.002061,0.002036,0.002112,0.002082,0.002155,0.002184,0.002253,0.002274,0.002267,0.002267,0.002269,0.0023,0.002367
Mujeres,45,0.006496,0.006253,0.006291,0.006232,0.005673,0.005515,0.005309,0.004981,0.004655,0.00442,0.004283,0.004051,0.003826,0.003747,0.003593,0.003551,0.003365,0.003281,0.003235,0.003181,0.003083,0.002958,0.00289,0.002902,0.002843,0.002855,0.002743,0.002613,0.002511,0.002406,0.002267,0.00222,0.002229,0.002259,0.002229,0.002313,0.002277,0.002355,0.002385,0.002459,0.00248,0.002471,0.002472,0.002474,0.002509,0.002579
Mujeres,46,0.006837,0.006615,0.006664,0.006603,0.006019,0.005857,0.005648,0.005308,0.004969,0.004728,0.004591,0.004352,0.004118,0.00404,0.003881,0.003844,0.003645,0.003557,0.003513,0.003458,0.003354,0.003223,0.003153,0.003167,0.003107,0.003123,0.003002,0.002861,0.002751,0.002635,0.002483,0.002433,0.002443,0.002475,0.002442,0.002531,0.00249,0.002575,0.002605,0.002685,0.002706,0.002697,0.002698,0.0027,0.002737,0.002814
Mujeres,47,0.007211,0.00702,0.007074,0.007015,0.0064,0.006233,0.006023,0.005668,0.005311,0.005064,0.004927,0.004677,0.004436,0.004359,0.004199,0.004161,0.003954,0.003859,0.003816,0.003763,0.003652,0.003512,0.003439,0.00346,0.003395,0.003416,0.003286,0.003133,0.003012,0.002887,0.002722,0.002668,0.002678,0.002712,0.002675,0.002771,0.002724,0.002815,0.002847,0.002933,0.002956,0.002944,0.002945,0.002948,0.002987,0.003071
Mujeres,48,0.007615,0.007459,0.007519,0.007465,0.006812,0.006648,0.006429,0.006055,0.005687,0.005433,0.005294,0.005036,0.00478,0.004712,0.004542,0.00451,0.004289,0.004192,0.004151,0.004094,0.003979,0.00383,0.003753,0.003778,0.003711,0.003733,0.003595,0.003429,0.0033,0.003163,0.002982,0.002922,0.002934,0.002973,0.00293,0.003034,0.002981,0.003079,0.003112,0.003205,0.003228,0.003216,0.003216,0.00322,0.003263,0.003353
Mujeres,49,0.008059,0.00794,0.008007,0.007953,0.007265,0.007096,0.006871,0.006486,0.006097,0.005831,0.005691,0.005428,0.005159,0.005092,0.004919,0.00489,0.004657,0.004557,0.004512,0.004457,0.004337,0.004174,0.004094,0.004126,0.004056,0.004083,0.003932,0.003751,0.003612,0.003464,0.003267,0.003203,0.003217,0.003256,0.003209,0.003321,0.003263,0.003367,0.003402,0.003502,0.003526,0.003513,0.003514,0.003519,0.003566,0.003663
Mujeres,50,0.008549,0.008475,0.008542,0.008489,0.007763,0.007587,0.007361,0.006949,0.006547,0.006269,0.00613,0.005852,0.005578,0.005513,0.005329,0.005306,0.005061,0.004956,0.004914,0.004857,0.004726,0.004555,0.00447,0.004507,0.004433,0.004465,0.0043,0.004105,0.003954,0.003795,0.003579,0.00351,0.003525,0.003569,0.003516,0.003637,0.003571,0.003684,0.003722,0.003828,0.003855,0.003839,0.003839,0.003845,0.003897,0.004003
Mujeres,51,0.009079,0.009049,0.00913,0.009077,0.008304,0.008127,0.007888,0.007462,0.007031,0.006745,0.006609,0.006319,0.006031,0.005968,0.005779,0.005762,0.005499,0.005393,0.005349,0.005291,0.005154,0.004968,0.004881,0.00492,0.004844,0.00488,0.004702,0.004493,0.004328,0.004154,0.003922,0.003845,0.003862,0.00391,0.003851,0.003985,0.00391,0.004032,0.004071,0.004186,0.004214,0.004196,0.004198,0.004204,0.004261,0.004377
Mujeres,52,0.009669,0.009687,0.00977,0.009723,0.008898,0.008713,0.008463,0.008015,0.007568,0.007268,0.007128,0.006826,0.00652,0.006465,0.006269,0.006257,0.00598,0.005868,0.005829,0.005765,0.005619,0.005422,0.005327,0.005374,0.005293,0.005335,0.005141,0.004915,0.004738,0.004548,0.004294,0.004212,0.004233,0.004284,0.004221,0.004362,0.00428,0.004411,0.004453,0.004578,0.004606,0.004587,0.004589,0.004597,0.00466,0.004785
Mujeres,53,0.010306,0.01038,0.010471,0.010419,0.009544,0.009351,0.009094,0.008624,0.008146,0.007836,0.007694,0.007381,0.007062,0.007009,0.006805,0.0068,0.006505,0.00639,0.006348,0.006287,0.006129,0.00592,0.005817,0.005869,0.005782,0.005829,0.005623,0.005375,0.005185,0.004979,0.004702,0.004614,0.004635,0.004693,0.004624,0.004778,0.004685,0.004827,0.00487,0.005008,0.005037,0.005015,0.005019,0.005029,0.005097,0.005233
Mujeres,54,0.010999,0.011136,0.011241,0.011182,0.010249,0.010052,0.009787,0.00928,0.008782,0.008454,0.008315,0.007981,0.007651,0.007607,0.007392,0.007393,0.007081,0.006957,0.006919,0.006856,0.006686,0.006461,0.006349,0.006411,0.006315,0.00637,0.006147,0.005879,0.005673,0.00545,0.005149,0.005055,0.005077,0.005143,0.005063,0.005232,0.005129,0.005283,0.005329,0.005476,0.005509,0.005485,0.005489,0.0055,0.005575,0.005724
Mujeres,55,0.011761,0.011966,0.012071,0.012019,0.011016,0.010811,0.010536,0.010001,0.00947,0.009127,0.008987,0.008639,0.008288,0.008251,0.008033,0.008044,0.007706,0.007578,0.007542,0.007475,0.007296,0.00705,0.006931,0.007003,0.006899,0.006961,0.006718,0.006428,0.006204,0.005964,0.005637,0.005536,0.005563,0.005633,0.005548,0.005728,0.005614,0.005782,0.005831,0.005992,0.006025,0.005998,0.006003,0.006017,0.0061,0.006263
Mujeres,56,0.012597,0.012866,0.01298,0.012929,0.011851,0.011636,0.011348,0.010789,0.010226,0.009862,0.00972,0.009357,0.008987,0.008959,0.008729,0.008747,0.008387,0.008257,0.00822,0.008151,0.007961,0.007692,0.007569,0.007644,0.007536,0.007604,0.007342,0.007029,0.006788,0.006526,0.00617,0.006062,0.006091,0.00617,0.006073,0.006273,0.006148,0.006329,0.006381,0.006554,0.00659,0.006561,0.006567,0.006583,0.006676,0.006854
Mujeres,57,0.013504,0.013849,0.013973,0.013916,0.012764,0.012544,0.012241,0.011638,0.01104,0.010665,0.010523,0.010142,0.00975,0.009731,0.009485,0.009516,0.009136,0.008999,0.008961,0.00889,0.008686,0.008395,0.008262,0.008346,0.00823,0.008308,0.008022,0.007683,0.007424,0.00714,0.006754,0.006635,0.00667,0.006757,0.006653,0.006868,0.006729,0.006925,0.006982,0.00717,0.007209,0.007177,0.007185,0.007204,0.007305,0.0075
Mujeres,58,0.01449,0.014923,0.015055,0.015,0.013755,0.013526,0.013205,0.012571,0.011933,0.011539,0.011394,0.010995,0.010578,0.010565,0.010316,0.010358,0.009945,0.009801,0.009772,0.009694,0.009474,0.009162,0.009017,0.009113,0.008984,0.009074,0.008766,0.008397,0.008118,0.007812,0.007391,0.007263,0.007304,0.007399,0.007285,0.007521,0.007367,0.00758,0.00764,0.007844,0.007886,0.007851,0.007861,0.007884,0.007996,0.008208
Mujeres,59,0.015573,0.016087,0.016226,0.016169,0.014832,0.014592,0.014256,0.01358,0.012901,0.012484,0.012344,0.011917,0.011481,0.011484,0.011217,0.011277,0.010831,0.010684,0.010655,0.010577,0.010338,0.010002,0.009845,0.00995,0.009811,0.00991,0.009576,0.009178,0.008875,0.008543,0.008085,0.007951,0.007998,0.008102,0.007977,0.008235,0.008066,0.008296,0.00836,0.008584,0.00863,0.008588,0.0086,0.008628,0.008751,0.008983
Mujeres,60,0.016749,0.017355,0.017505,0.017445,0.016008,0.015757,0.015405,0.014683,0.013958,0.013518,0.013382,0.012931,0.012466,0.012475,0.012201,0.012273,0.011801,0.011643,0.011615,0.011536,0.011284,0.010913,0.010742,0.010859,0.01071,0.010822,0.010461,0.010033,0.009704,0.009343,0.008846,0.008701,0.008756,0.00887,0.008734,0.009018,0.008827,0.009082,0.009147,0.009391,0.009439,0.009394,0.009409,0.009439,0.009577,0.009832
Mujeres,61,0.018028,0.018733,0.018892,0.018829,0.017286,0.017028,0.016651,0.01588,0.015113,0.014639,0.014503,0.014028,0.013537,0.013559,0.01327,0.013361,0.012853,0.012693,0.012665,0.012586,0.01231,0.011909,0.011723,0.011855,0.011692,0.011817,0.011429,0.010963,0.010607,0.010218,0.009679,0.009524,0.009585,0.009714,0.009566,0.009872,0.009662,0.009938,0.010011,0.010276,0.010329,0.010277,0.010296,0.01033,0.010483,0.01076
Mujeres,62,0.019416,0.020226,0.020402,0.020332,0.018678,0.018399,0.01801,0.017178,0.016359,0.015865,0.015729,0.015222,0.014705,0.014742,0.014436,0.014542,0.014004,0.013831,0.013812,0.013724,0.013428,0.012998,0.012798,0.01294,0.012764,0.012904,0.012483,0.011977,0.011591,0.011173,0.010587,0.010422,0.010491,0.010635,0.010471,0.010809,0.010577,0.010876,0.010955,0.011244,0.011298,0.011246,0.011265,0.011307,0.011475,0.011777
Mujeres,63,0.020936,0.021854,0.022045,0.021975,0.020184,0.019895,0.019476,0.018595,0.017722,0.01719,0.017059,0.01653,0.015972,0.016027,0.015705,0.015834,0.015257,0.015079,0.015065,0.014971,0.014651,0.014182,0.013963,0.014123,0.013935,0.014086,0.013631,0.013083,0.01267,0.012219,0.01158,0.011402,0.01148,0.011639,0.011463,0.01183,0.011578,0.011904,0.011986,0.012302,0.012362,0.012303,0.012326,0.012374,0.01256,0.012891
Mujeres,64,0.022577,0.023621,0.023823,0.023748,0.021826,0.021517,0.021078,0.020129,0.019192,0.018638,0.018506,0.017943,0.017355,0.017427,0.017089,0.017245,0.016617,0.016436,0.016424,0.016333,0.015986,0.015474,0.015238,0.015409,0.01521,0.015377,0.014883,0.014295,0.013848,0.013358,0.012664,0.012474,0.012565,0.012742,0.012549,0.01295,0.012673,0.013025,0.013117,0.013461,0.013526,0.013461,0.013486,0.013543,0.013747,0.014109
Mujeres,65,0.024372,0.025536,0.025749,0.025677,0.0236,0.023281,0.02281,0.021798,0.020796,0.020212,0.020079,0.019483,0.018861,0.018946,0.018599,0.018773,0.018108,0.017915,0.017907,0.017814,0.017439,0.016882,0.016625,0.016817,0.016594,0.016784,0.016253,0.015609,0.015131,0.014603,0.013852,0.013646,0.013751,0.013948,0.013739,0.014175,0.013871,0.014258,0.014352,0.014725,0.014798,0.014724,0.014756,0.014821,0.015044,0.015444
Mujeres,66,0.026316,0.027614,0.027843,0.027763,0.025525,0.025187,0.024691,0.023619,0.022537,0.021913,0.021797,0.021158,0.020495,0.020604,0.020233,0.020447,0.019729,0.019526,0.01953,0.019423,0.019024,0.018421,0.018143,0.018344,0.018112,0.018323,0.017743,0.017052,0.016532,0.015958,0.015144,0.014927,0.015045,0.015267,0.015038,0.015517,0.015178,0.015599,0.015703,0.016111,0.016187,0.01611,0.016146,0.016219,0.016467,0.016904
Mujeres,67,0.028426,0.029877,0.030117,0.030031,0.027626,0.027262,0.026743,0.025583,0.024433,0.023774,0.023658,0.022973,0.022268,0.022403,0.02202,0.022263,0.021491,0.021276,0.02129,0.02119,0.020753,0.020093,0.01979,0.020013,0.019758,0.019996,0.019368,0.018621,0.018058,0.017442,0.01656,0.016328,0.016461,0.016708,0.01646,0.016983,0.016613,0.017069,0.017181,0.017627,0.017709,0.017624,0.017664,0.017747,0.018023,0.018499
Mujeres,68,0.030718,0.032324,0.032576,0.032489,0.029889,0.029515,0.028959,0.027714,0.026485,0.025786,0.025677,0.024954,0.024204,0.024365,0.023964,0.024232,0.02341,0.023186,0.023211,0.023108,0.022637,0.021924,0.021593,0.021837,0.021558,0.021819,0.02114,0.02033,0.019726,0.019064,0.018102,0.017856,0.018013,0.018283,0.018013,0.018585,0.018179,0.018678,0.0188,0.019283,0.019369,0.019277,0.019326,0.019419,0.019722,0.020245
Mujeres,69,0.0332,0.034962,0.035236,0.035163,0.032353,0.031958,0.031373,0.030035,0.028712,0.027964,0.027871,0.027112,0.026301,0.0265,0.026078,0.026388,0.025506,0.025272,0.025306,0.025193,0.024689,0.023911,0.023552,0.023821,0.023518,0.023805,0.023072,0.022199,0.021547,0.020827,0.019788,0.019527,0.019705,0.020006,0.019713,0.020338,0.01989,0.020438,0.020567,0.021092,0.021187,0.021086,0.021141,0.02125,0.021582,0.022154
Mujeres,70,0.035892,0.037831,0.038123,0.038046,0.035014,0.0346,0.033978,0.032554,0.031137,0.030342,0.03025,0.029445,0.028585,0.028819,0.028373,0.028725,0.027777,0.027537,0.027583,0.027475,0.026922,0.026077,0.025689,0.025983,0.025654,0.025973,0.025181,0.024233,0.023531,0.022755,0.021629,0.021355,0.021555,0.021892,0.021574,0.022256,0.021761,0.022359,0.022495,0.023072,0.023175,0.023065,0.023125,0.023248,0.023616,0.024239
Mujeres,71,0.038819,0.040941,0.041246,0.041164,0.0379,0.037469,0.036812,0.035271,0.033756,0.032921,0.032839,0.031975,0.031066,0.031331,0.030864,0.031279,0.030259,0.030008,0.030073,0.029956,0.029357,0.028445,0.028014,0.028329,0.027978,0.028332,0.027479,0.026454,0.0257,0.024865,0.023645,0.02335,0.023578,0.023946,0.023606,0.02435,0.02381,0.024461,0.024611,0.025237,0.02535,0.025226,0.025298,0.025434,0.025843,0.026524
Mujeres,72,0.041981,0.044307,0.044632,0.044546,0.041028,0.040573,0.039879,0.038226,0.036597,0.035711,0.035644,0.034735,0.03376,0.034066,0.033588,0.034053,0.032949,0.032696,0.032778,0.032658,0.032014,0.031018,0.030549,0.0309,0.030515,0.030908,0.029978,0.028875,0.028059,0.027161,0.025838,0.025528,0.025782,0.026196,0.025823,0.026641,0.02605,0.026752,0.026917,0.027605,0.027721,0.027589,0.027671,0.027828,0.02827,0.029018
Mujeres,73,0.045428,0.047945,0.048289,0.048209,0.044414,0.043944,0.043203,0.04144,0.039688,0.038755,0.038699,0.037729,0.036688,0.037046,0.036533,0.037062,0.035883,0.03562,0.035716,0.035591,0.034899,0.033817,0.033308,0.03369,0.033273,0.033705,0.032703,0.031511,0.030637,0.029667,0.028233,0.027908,0.028195,0.02866,0.028251,0.029147,0.028491,0.02926,0.029435,0.030184,0.030317,0.030171,0.030258,0.030435,0.030929,0.031741
Mujeres,74,0.049141,0.051878,0.052262,0.052168,0.048086,0.047586,0.046802,0.04491,0.043036,0.042038,0.042008,0.040979,0.03987,0.040283,0.039747,0.040341,0.039071,0.038799,0.038925,0.038802,0.03804,0.036864,0.036307,0.036733,0.036284,0.036757,0.03567,0.034385,0.033441,0.032402,0.030844,0.0305,0.030828,0.031346,0.030905,0.031883,0.031166,0.032004,0.032191,0.033006,0.033146,0.032985,0.033092,0.033294,0.033834,0.034721
Mujeres,75,0.053174,0.056127,0.056547,0.056471,0.05206,0.051529,0.050703,0.048672,0.046667,0.045603,0.045593,0.044493,0.043313,0.04379,0.043229,0.043894,0.04255,0.042258,0.042406,0.042287,0.041468,0.040187,0.039577,0.040037,0.039551,0.04008,0.038904,0.03751,0.036509,0.035375,0.033702,0.033333,0.033707,0.034279,0.033802,0.034871,0.034081,0.034993,0.035202,0.036091,0.036238,0.036068,0.036183,0.036411,0.037004,0.037974
Mujeres,76,0.057522,0.060729,0.061163,0.061095,0.056359,0.0558,0.054914,0.052743,0.050589,0.049477,0.049494,0.048321,0.04707,0.047602,0.047023,0.047761,0.046317,0.046035,0.046208,0.046074,0.045196,0.043803,0.043144,0.043641,0.043117,0.04369,0.042427,0.040926,0.039844,0.038623,0.036807,0.036426,0.036849,0.037481,0.036966,0.038129,0.037269,0.038268,0.038482,0.039455,0.039616,0.039429,0.039561,0.03981,0.040466,0.041526
Mujeres,77,0.062253,0.065734,0.066189,0.0661,0.06098,0.060435,0.05948,0.057158,0.054847,0.053663,0.053711,0.052474,0.051133,0.051733,0.05113,0.051969,0.050426,0.050126,0.050329,0.050208,0.049243,0.047728,0.047006,0.047557,0.046991,0.047626,0.04626,0.044643,0.043479,0.042163,0.040206,0.0398,0.040276,0.040974,0.040415,0.041692,0.040751,0.041836,0.042068,0.043124,0.0433,0.043099,0.04325,0.043526,0.044245,0.045407
Mujeres,78,0.067374,0.071096,0.071584,0.07154,0.066005,0.065407,0.064427,0.061921,0.059456,0.058202,0.058291,0.056969,0.055544,0.056229,0.055612,0.056539,0.054874,0.054576,0.054816,0.054694,0.053658,0.052014,0.051236,0.051829,0.051213,0.051917,0.05044,0.048686,0.047445,0.046036,0.04391,0.043479,0.044016,0.044794,0.044193,0.04559,0.044542,0.04573,0.04598,0.047137,0.047322,0.047098,0.047269,0.047581,0.048376,0.049634
Mujeres,79,0.072873,0.076901,0.077437,0.077364,0.071433,0.070824,0.06977,0.067076,0.064434,0.063106,0.063248,0.061849,0.060339,0.061093,0.060459,0.061515,0.059724,0.059415,0.059703,0.059579,0.058461,0.056672,0.055814,0.05647,0.055808,0.056574,0.054985,0.053095,0.05175,0.050237,0.047945,0.047497,0.048098,0.048958,0.048303,0.049829,0.048688,0.049978,0.050244,0.051503,0.051711,0.051469,0.051654,0.052006,0.052878,0.054252
Mujeres,80,0.078848,0.083175,0.083734,0.083696,0.077266,0.076657,0.075541,0.072661,0.069846,0.068445,0.068618,0.067127,0.065516,0.066396,0.065713,0.066904,0.064993,0.064682,0.065001,0.064878,0.063689,0.061727,0.060804,0.061513,0.060801,0.061659,0.059926,0.057894,0.056453,0.054836,0.052342,0.051879,0.052556,0.053509,0.052802,0.054465,0.053206,0.054608,0.0549,0.056266,0.056484,0.056227,0.056432,0.056833,0.057787,0.059294
Mujeres,81,0.085309,0.089949,0.090527,0.090486,0.083573,0.082925,0.081798,0.078689,0.075668,0.074188,0.074409,0.072847,0.071144,0.072127,0.071423,0.07275,0.070698,0.070394,0.070769,0.070657,0.069354,0.067241,0.066215,0.066989,0.066224,0.067173,0.065311,0.063116,0.061575,0.059833,0.057133,0.056648,0.057408,0.058463,0.057695,0.059521,0.058133,0.059658,0.059965,0.061456,0.061702,0.061411,0.061649,0.062097,0.063141,0.064782
Mujeres,82,0.092212,0.097201,0.097814,0.097836,0.090406,0.089722,0.088499,0.0852,0.081952,0.080387,0.080713,0.079044,0.077214,0.078329,0.077614,0.079091,0.076894,0.07659,0.077044,0.076925,0.075522,0.073219,0.07209,0.072954,0.07211,0.073162,0.071162,0.068782,0.067142,0.065259,0.062337,0.06184,0.062697,0.063867,0.063034,0.065023,0.063512,0.065163,0.065495,0.067114,0.067379,0.067054,0.067327,0.067829,0.06898,0.070764
Mujeres,83,0.099717,0.105056,0.10571,0.105775,0.097781,0.097059,0.095768,0.092217,0.088782,0.087126,0.087511,0.085747,0.0838,0.085063,0.084317,0.085978,0.083627,0.083314,0.083821,0.083725,0.082209,0.079688,0.078478,0.079409,0.078512,0.079662,0.077501,0.074959,0.073179,0.07117,0.068023,0.067501,0.068451,0.069757,0.068848,0.071016,0.069362,0.071159,0.071511,0.073278,0.073557,0.073208,0.073518,0.074066,0.07534,0.077288
Mujeres,84,0.107809,0.113536,0.114191,0.114248,0.105662,0.104944,0.103615,0.099793,0.09612,0.094405,0.094831,0.092997,0.090921,0.092321,0.091603,0.093428,0.09091,0.090604,0.091195,0.091128,0.089462,0.086738,0.085423,0.08643,0.085465,0.086726,0.0844,0.081657,0.079763,0.077583,0.074185,0.073657,0.074709,0.076162,0.07518,0.077547,0.075715,0.077676,0.078061,0.079981,0.080287,0.079908,0.080255,0.080865,0.082252,0.084382
Mujeres,85,0.116623,0.122756,0.123409,0.123459,0.114253,0.113542,0.112176,0.108069,0.104147,0.102373,0.102841,0.100935,0.098725,0.10027,0.099585,0.101585,0.098892,0.098595,0.099274,0.099241,0.097416,0.094476,0.093051,0.094138,0.093102,0.094479,0.09198,0.089023,0.087011,0.084649,0.080986,0.080453,0.081614,0.083225,0.082163,0.084743,0.082721,0.084857,0.085277,0.08736,0.087693,0.087284,0.08767,0.088346,0.089854,0.092176
Mujeres,86,0.126229,0.132784,0.133433,0.133476,0.123625,0.122923,0.121519,0.117116,0.112933,0.111099,0.111613,0.109634,0.107284,0.108982,0.108335,0.110519,0.107643,0.107357,0.108132,0.108135,0.106142,0.102974,0.101434,0.102605,0.101493,0.102995,0.100313,0.097132,0.094996,0.092441,0.088497,0.087961,0.089238,0.091018,0.089873,0.092678,0.090453,0.092775,0.093233,0.095488,0.095851,0.095409,0.095836,0.096583,0.098219,0.100745
Mujeres,87,0.136703,0.143696,0.14434,0.144373,0.133854,0.133164,0.131723,0.127011,0.122558,0.120663,0.121225,0.119173,0.116677,0.118537,0.117934,0.120312,0.117245,0.116972,0.117848,0.11789,0.11572,0.112315,0.110652,0.111912,0.110722,0.112354,0.109481,0.106064,0.103799,0.101041,0.0968,0.096262,0.097663,0.099623,0.09839,0.101435,0.098994,0.101511,0.102009,0.104446,0.10484,0.104364,0.104835,0.105658,0.107429,0.11017
Mujeres,88,0.148131,0.155574,0.15621,0.156234,0.145025,0.144349,0.142874,0.137841,0.133107,0.131153,0.131765,0.129639,0.126992,0.129023,0.128469,0.13105,0.127786,0.127527,0.128511,0.128597,0.12624,0.122587,0.120796,0.122148,0.120876,0.122646,0.119574,0.115909,0.113511,0.110539,0.105986,0.105449,0.106981,0.109132,0.107806,0.111103,0.108434,0.111158,0.111698,0.114326,0.114753,0.114241,0.114758,0.115662,0.117574,0.120542
Mujeres,89,0.160605,0.168509,0.169135,0.169148,0.157233,0.156574,0.155065,0.149701,0.144679,0.142666,0.143331,0.141132,0.138329,0.140538,0.140039,0.142833,0.139365,0.139123,0.14022,0.140352,0.137801,0.13389,0.131966,0.133414,0.132057,0.13397,0.130692,0.12677,0.124234,0.121039,0.11616,0.115624,0.117295,0.119647,0.118225,0.121787,0.118876,0.121818,0.122402,0.125229,0.125691,0.125142,0.125708,0.126697,0.128756,0.131961
Mujeres,90,0.174229,0.182602,0.183215,0.183217,0.170581,0.169942,0.168401,0.162699,0.157382,0.155311,0.15603,0.153758,0.150797,0.153191,0.152753,0.155768,0.15209,0.151868,0.153085,0.153266,0.150514,0.146336,0.144274,0.14582,0.144377,0.146439,0.142948,0.138759,0.136082,0.132653,0.127435,0.126903,0.12872,0.131285,0.129762,0.133601,0.130436,0.133605,0.134235,0.137271,0.137768,0.13718,0.137799,0.138876,0.141089,0.144539
Mujeres,91,0.189115,0.197962,0.19856,0.19855,0.185185,0.184569,0.182999,0.176953,0.171335,0.169209,0.169984,0.167642,0.164518,0.167105,0.166734,0.169975,0.166085,0.165884,0.167226,0.167461,0.1645,0.160048,0.157844,0.159493,0.15796,0.160177,0.156467,0.152004,0.149182,0.145512,0.139943,0.139416,0.141386,0.144174,0.142547,0.146673,0.143244,0.146649,0.147327,0.150577,0.151112,0.150484,0.151156,0.152326,0.154698,0.158403
Mujeres,92,0.205389,0.21471,0.21529,0.215268,0.201171,0.200583,0.198987,0.192593,0.186672,0.184494,0.185327,0.182916,0.17963,0.182414,0.182116,0.18559,0.181486,0.181308,0.182778,0.18307,0.179896,0.175166,0.172816,0.174569,0.172945,0.17532,0.171389,0.166646,0.163678,0.159761,0.15383,0.153312,0.155441,0.158459,0.156725,0.161149,0.157445,0.161092,0.16182,0.165291,0.165864,0.165195,0.165924,0.167189,0.169724,0.173689
Mujeres,93,0.22319,0.232979,0.233539,0.233503,0.218683,0.218125,0.216507,0.209766,0.203544,0.201317,0.202209,0.199734,0.196284,0.19927,0.199051,0.20276,0.198442,0.19829,0.199893,0.200243,0.196853,0.191843,0.189346,0.191204,0.189488,0.192025,0.18787,0.182844,0.179731,0.17556,0.169263,0.168755,0.171048,0.174304,0.172461,0.177188,0.173203,0.177098,0.177876,0.181573,0.182185,0.181474,0.18226,0.183623,0.186323,0.190553
Mujeres,94,0.242672,0.252917,0.253452,0.253403,0.237876,0.237352,0.235716,0.228634,0.222116,0.219846,0.220796,0.218262,0.214653,0.217841,0.217706,0.221652,0.217122,0.216998,0.218736,0.219148,0.215542,0.210252,0.207608,0.209571,0.207764,0.210463,0.206086,0.200777,0.19752,0.193095,0.186428,0.185934,0.188393,0.191893,0.18994,0.194974,0.190702,0.194848,0.195678,0.1996,0.200251,0.199499,0.200343,0.201806,0.204672,0.209168
Mujeres,95,0.264003,0.274683,0.275191,0.275129,0.258925,0.258438,0.256791,0.249378,0.242573,0.240267,0.241276,0.238689,0.234926,0.238314,0.23827,0.242448,0.237715,0.237621,0.239494,0.23997,0.236149,0.230586,0.227797,0.229863,0.227967,0.230826,0.226232,0.220644,0.217248,0.212571,0.205536,0.205059,0.207687,0.211432,0.20937,0.21471,0.210149,0.214547,0.215427,0.219573,0.220264,0.21947,0.220373,0.221935,0.224966,0.229725
Mujeres,96,0.287373,0.298456,0.298935,0.298858,0.282023,0.281577,0.279924,0.272199,0.265125,0.26279,0.263856,0.261225,0.257316,0.260901,0.260951,0.265354,0.260429,0.260367,0.262374,0.262913,0.258886,0.253061,0.250131,0.252296,0.250316,0.25333,0.248528,0.242671,0.239144,0.23422,0.226827,0.22637,0.229165,0.233153,0.230984,0.236625,0.23178,0.236423,0.237353,0.241717,0.242446,0.241613,0.242573,0.244234,0.247424,0.252438
Mujeres,97,0.312989,0.324433,0.324878,0.324787,0.307385,0.306983,0.305333,0.297322,0.290003,0.287649,0.288768,0.286105,0.282064,0.285834,0.285983,0.290599,0.285497,0.285469,0.287605,0.288208,0.283985,0.277916,0.274855,0.277112,0.275053,0.278216,0.27322,0.267111,0.263463,0.258304,0.25057,0.250137,0.253094,0.257318,0.255049,0.260978,0.255857,0.260735,0.261713,0.266284,0.26705,0.266179,0.267195,0.26895,0.272291,0.277547
Mujeres,98,0.341081,0.352828,0.353237,0.353133,0.33525,0.334895,0.333256,0.324996,0.317465,0.315105,0.316273,0.313591,0.309435,0.313377,0.313626,0.318435,0.313181,0.313188,0.315444,0.316111,0.31171,0.305423,0.302242,0.304582,0.302453,0.305751,0.300583,0.294247,0.290493,0.285119,0.277072,0.276666,0.279777,0.284224,0.281862,0.288058,0.282678,0.287774,0.288796,0.293557,0.294356,0.293452,0.29452,0.296363,0.299842,0.305317
Mujeres,99,0.371905,0.38388,0.384251,0.384134,0.365882,0.365577,0.363959,0.355502,0.347803,0.345452,0.346662,0.343978,0.339732,0.343823,0.344172,0.349146,0.343771,0.343814,0.346178,0.346904,0.342351,0.335882,0.332599,0.33501,0.332823,0.336238,0.330927,0.324398,0.320561,0.314999,0.30668,0.306305,0.309554,0.314203,0.311761,0.318192,0.312581,0.317868,0.318929,0.323855,0.324683,0.323749,0.324864,0.326786,0.330383,0.336047
Mujeres,100,0.405745,0.417853,0.418182,0.418053,0.399577,0.399324,0.397741,0.38915,0.381341,0.379016,0.38026,0.377593,0.373289,0.377499,0.377946,0.383048,0.377593,0.377671,0.380126,0.380906,0.376236,0.369632,0.366272,0.368736,0.366506,0.370014,0.364599,0.357925,0.354031,0.348321,0.339786,0.339446,0.342812,0.347632,0.345126,0.351748,0.345943,0.351386,0.352479,0.357533,0.358385,0.357428,0.358582,0.360569,0.364258,0.37007
Mujeres,101,0.442915,0.455035,0.455322,0.455183,0.436664,0.436464,0.434929,0.426288,0.418445,0.416166,0.417432,0.414807,0.410485,0.414774,0.415314,0.420493,0.415011,0.415123,0.417645,0.418471,0.413728,0.407053,0.403648,0.40614,0.40389,0.407456,0.401989,0.395232,0.391318,0.385511,0.376839,0.376536,0.37999,0.384936,0.38239,0.389142,0.383197,0.388745,0.389859,0.394996,0.395862,0.394893,0.396074,0.398108,0.401854,0.407757
Mujeres,102,0.483764,0.495749,0.495991,0.495844,0.47751,0.477362,0.475892,0.467306,0.459521,0.457315,0.458586,0.456033,0.451743,0.456058,0.456682,0.461875,0.456431,0.456575,0.459131,0.459991,0.455235,0.448571,0.445161,0.447653,0.445408,0.44899,0.443536,0.436776,0.432888,0.427054,0.418345,0.418083,0.421582,0.426596,0.42404,0.430842,0.424828,0.430415,0.431537,0.436694,0.437566,0.436594,0.43779,0.439845,0.443602,0.449525
Mujeres,103,0.52868,0.540347,0.540545,0.540392,0.522521,0.522425,0.521038,0.512638,0.505028,0.502924,0.504181,0.501734,0.497542,0.501815,0.502507,0.507633,0.50231,0.502482,0.50503,0.505909,0.501214,0.494662,0.4913,0.493753,0.491549,0.49509,0.489732,0.483073,0.479268,0.473495,0.464881,0.464662,0.468154,0.473158,0.47063,0.477376,0.471387,0.476927,0.478041,0.483139,0.484002,0.483044,0.484233,0.486277,0.489988,0.495838
Mujeres,104,0.578094,0.589222,0.589375,0.589221,0.572154,0.572107,0.570824,0.562771,0.555481,0.553513,0.554731,0.552433,0.548417,0.552562,0.553302,0.558259,0.553157,0.55335,0.555838,0.556716,0.552176,0.545864,0.542617,0.544982,0.542861,0.546291,0.541132,0.534704,0.531054,0.525456,0.517105,0.516929,0.520343,0.525236,0.522786,0.529343,0.5235,0.528883,0.529965,0.534905,0.535742,0.534815,0.535976,0.537967,0.541558,0.547218
Mujeres,105,0.632484,0.642805,0.642916,0.642766,0.626916,0.626912,0.625758,0.61825,0.611457,0.609667,0.610815,0.608714,0.604971,0.608881,0.609641,0.6143,0.609545,0.609751,0.61211,0.612961,0.608693,0.60278,0.599729,0.601948,0.599962,0.603193,0.598362,0.592326,0.58892,0.58364,0.575763,0.575631,0.578877,0.583529,0.581219,0.587418,0.581874,0.586962,0.587985,0.592639,0.593429,0.592557,0.593657,0.595543,0.598922,0.604247
Mujeres,106,0.692385,0.701575,0.701647,0.701507,0.687373,0.687404,0.686408,0.679686,0.673607,0.672042,0.67308,0.671235,0.667885,0.671426,0.672166,0.676371,0.672115,0.672322,0.674469,0.675258,0.671406,0.666087,0.663334,0.665334,0.663548,0.66647,0.662126,0.656682,0.653628,0.648844,0.641708,0.641618,0.644583,0.648829,0.646738,0.652366,0.647315,0.651933,0.652861,0.657072,0.657788,0.657001,0.658002,0.659717,0.66277,0.66758
Mujeres,107,0.758388,0.766062,0.7661,0.765979,0.75416,0.754213,0.753407,0.747763,0.74266,0.741377,0.742257,0.740737,0.737924,0.740931,0.741601,0.745159,0.741586,0.741779,0.743611,0.744295,0.741036,0.736548,0.734219,0.735908,0.734403,0.736881,0.733216,0.728612,0.726043,0.721978,0.715912,0.715861,0.718399,0.722035,0.720258,0.72505,0.720735,0.724667,0.725457,0.72903,0.729638,0.728972,0.729826,0.731288,0.733875,0.737949
Mujeres,108,0.831154,0.836851,0.836864,0.83677,0.827984,0.828043,0.827462,0.823249,0.819439,0.818503,0.819167,0.818053,0.815952,0.818222,0.818758,0.821435,0.818768,0.818925,0.820313,0.820841,0.818389,0.815022,0.81327,0.814539,0.81341,0.815278,0.81253,0.809066,0.807144,0.804072,0.799486,0.799466,0.801399,0.804166,0.802824,0.806452,0.803175,0.806151,0.806749,0.809446,0.809905,0.809403,0.810051,0.811159,0.813107,0.816175
Mujeres,109,0.911418,0.914591,0.914589,0.914535,0.909635,0.909679,0.909365,0.907005,0.904871,0.904359,0.904734,0.904122,0.902944,0.904229,0.904549,0.906059,0.904566,0.904661,0.90545,0.905754,0.904371,0.902476,0.901487,0.902203,0.901567,0.902624,0.901077,0.899122,0.898042,0.896301,0.893699,0.893697,0.894801,0.896382,0.895621,0.897682,0.895814,0.897505,0.897845,0.899371,0.899632,0.899348,0.899717,0.900347,0.901448,0.903181
