Sexo,Edad,1970,1971,1972,1973,1974,1975,1976,1977,1978,1979,1980,1981,1982,1983,1984,1985,1986,1987,1988,1989,1990,1991,1992,1993,1994,1995,1996,1997,1998,1999,2000,2001,2002,2003,2004,2005,2006,2007,2008,2009,2010,2011,2012,2013,2014,2015
Hombre,0,5064,5201,5333,5449,5547,5626,5679,5713,5749,5790,5823,5834,5836,5837,5837,5836,5832,5827,5822,5812,5838,5909,5975,6031,6075,6102,6113,6121,6130,6140,6128,6095,6063,6038,6020,5997,6021,6103,6192,6285,6360,6447,6562,6670,6774,6868
Hombre,1,4836,4982,5127,5265,5387,5491,5576,5635,5677,5724,5762,5780,5790,5802,5811,5817,5821,5822,5822,5820,5843,5897,5960,6020,6066,6100,6119,6125,6128,6132,6112,6069,6035,6007,5986,5974,6008,6088,6166,6251,6323,6406,6518,6630,6737,6841
Hombre,2,4702,4851,5001,5149,5289,5415,5523,5612,5674,5720,5757,5774,5783,5796,5809,5820,5827,5832,5836,5839,5865,5907,5951,6010,6063,6102,6132,6148,6147,6144,6120,6070,6027,5995,5970,5956,6000,6089,6165,6239,6305,6387,6494,6601,6709,6814
Hombre,3,4581,4729,4882,5033,5182,5324,5452,5561,5651,5715,5751,5767,5775,5786,5800,5815,5827,5836,5843,5848,5874,5916,5950,5991,6045,6093,6130,6160,6170,6164,6134,6082,6033,5992,5964,5944,5985,6083,6169,6240,6297,6373,6478,6578,6680,6784
Hombre,4,4464,4607,4758,4911,5064,5214,5358,5486,5596,5687,5741,5757,5765,5775,5787,5803,5819,5832,5843,5852,5877,5916,5951,5982,6019,6068,6117,6156,6180,6186,6156,6101,6049,6002,5965,5941,5975,6067,6162,6244,6299,6366,6464,6561,6654,6750
Hombre,5,4351,4489,4634,4785,4938,5091,5243,5387,5516,5626,5707,5742,5750,5759,5771,5786,5803,5821,5836,5849,5874,5909,5942,5975,6003,6037,6089,6140,6175,6196,6180,6126,6072,6023,5978,5943,5970,6053,6143,6235,6302,6367,6453,6542,6633,6720
Hombre,6,4238,4373,4513,4657,4808,4963,5116,5267,5411,5540,5641,5705,5733,5743,5755,5768,5784,5804,5824,5841,5867,5901,5931,5962,5992,6017,6054,6109,6157,6189,6190,6152,6101,6048,6000,5957,5972,6046,6127,6214,6292,6369,6451,6529,6611,6694
Hombre,7,4124,4257,4393,4532,4677,4828,4983,5136,5287,5431,5552,5637,5695,5724,5736,5750,5766,5784,5805,5826,5855,5888,5917,5945,5974,6002,6032,6073,6125,6172,6185,6165,6129,6079,6027,5981,5985,6045,6117,6197,6271,6358,6451,6525,6594,6668
Hombre,8,4007,4139,4273,4408,4547,4692,4843,4998,5151,5301,5438,5544,5624,5683,5715,5729,5745,5763,5783,5806,5837,5870,5899,5927,5953,5981,6014,6049,6088,6140,6168,6163,6146,6111,6062,6012,6010,6057,6116,6187,6254,6335,6436,6520,6585,6647
Hombre,9,3885,4018,4151,4284,4419,4558,4703,4854,5008,5160,5304,5428,5529,5611,5672,5705,5721,5739,5759,5781,5812,5846,5876,5904,5931,5957,5990,6028,6062,6102,6136,6148,6146,6131,6097,6049,6042,6081,6129,6186,6245,6317,6410,6502,6577,6633
Hombre,10,3755,3891,4025,4157,4290,4426,4565,4709,4860,5013,5160,5294,5413,5515,5598,5661,5696,5714,5733,5754,5782,5816,5848,5878,5906,5934,5966,6005,6043,6077,6100,6119,6136,6136,6122,6090,6083,6115,6155,6202,6247,6308,6389,6473,6556,6621
Hombre,11,3617,3756,3893,4026,4158,4291,4427,4566,4710,4860,5008,5146,5275,5396,5500,5584,5648,5685,5705,5726,5753,5784,5816,5848,5878,5907,5940,5979,6019,6058,6077,6087,6111,6129,6130,6118,6126,6157,6190,6231,6264,6309,6377,6449,6523,6597
Hombre,12,3473,3615,3755,3891,4024,4157,4290,4425,4564,4708,4853,4994,5128,5258,5379,5484,5570,5636,5675,5696,5721,5749,5779,5811,5843,5875,5911,5952,5992,6034,6059,6064,6078,6104,6124,6127,6153,6198,6231,6266,6293,6324,6373,6432,6495,6561
Hombre,13,3324,3467,3610,3750,3885,4019,4151,4285,4420,4558,4698,4837,4974,5108,5239,5361,5467,5554,5621,5660,5684,5711,5738,5767,5799,5834,5873,5917,5959,6002,6030,6042,6053,6070,6098,6120,6161,6225,6273,6308,6329,6350,6383,6424,6475,6529
Hombre,14,3170,3312,3455,3597,3736,3872,4005,4137,4270,4405,4539,4672,4807,4944,5078,5209,5331,5438,5525,5592,5633,5658,5682,5708,5737,5770,5813,5861,5907,5954,5985,6003,6024,6038,6056,6086,6147,6228,6297,6350,6371,6383,6405,6430,6463,6506
Hombre,15,3010,3146,3287,3429,3570,3708,3843,3976,4108,4239,4369,4497,4626,4759,4894,5027,5156,5278,5383,5469,5536,5576,5598,5619,5644,5675,5717,5770,5820,5869,5907,5934,5965,5989,6004,6025,6097,6201,6293,6372,6410,6420,6432,6447,6466,6492
Hombre,16,2842,2975,3111,3250,3389,3529,3666,3800,3931,4061,4187,4310,4432,4558,4688,4820,4950,5078,5197,5300,5384,5449,5486,5501,5520,5548,5588,5642,5696,5749,5790,5829,5873,5907,5930,5947,6014,6135,6258,6366,6429,6454,6463,6469,6479,6491
Hombre,17,2678,2803,2934,3066,3202,3340,3478,3613,3746,3875,3999,4118,4235,4353,4475,4601,4730,4857,4981,5096,5196,5279,5341,5369,5382,5404,5439,5489,5542,5598,5640,5687,5747,5795,5826,5850,5917,6038,6185,6329,6421,6469,6493,6497,6499,6504
Hombre,18,2517,2635,2758,2886,3016,3150,3286,3422,3556,3685,3809,3926,4040,4153,4267,4386,4509,4634,4757,4877,4988,5087,5167,5218,5243,5258,5287,5332,5381,5434,5474,5522,5594,5657,5699,5729,5806,5932,6083,6254,6382,6457,6506,6526,6527,6525
Hombre,19,2362,2477,2592,2712,2838,2967,3099,3234,3369,3499,3624,3741,3852,3962,4071,4182,4297,4417,4539,4658,4773,4885,4982,5051,5099,5124,5146,5183,5226,5274,5307,5350,5424,5497,5553,5594,5679,5816,5974,6151,6305,6415,6491,6537,6556,6555
Hombre,20,2233,2325,2439,2552,2670,2795,2922,3054,3187,3318,3445,3563,3675,3784,3890,3996,4104,4217,4334,4452,4568,4684,4794,4881,4947,4992,5024,5054,5091,5132,5154,5187,5255,5331,5397,5451,5544,5690,5859,6043,6201,6336,6448,6522,6568,6585
Hombre,21,2124,2200,2291,2403,2515,2633,2757,2884,3014,3145,3273,3393,3507,3616,3721,3825,3929,4035,4145,4259,4374,4490,4605,4707,4790,4852,4906,4947,4976,5009,5022,5043,5099,5169,5238,5301,5407,5560,5736,5930,6093,6231,6369,6480,6555,6601
Hombre,22,2015,2094,2170,2260,2371,2483,2600,2724,2850,2979,3106,3228,3345,3457,3564,3667,3769,3872,3976,4084,4195,4309,4425,4534,4632,4711,4782,4846,4886,4912,4916,4924,4964,5022,5086,5151,5264,5428,5610,5808,5979,6121,6263,6400,6514,6591
Hombre,23,1914,1988,2067,2142,2232,2343,2455,2573,2696,2820,2946,3069,3188,3302,3412,3518,3620,3722,3823,3926,4031,4142,4256,4366,4471,4564,4654,4737,4799,4836,4832,4828,4854,4896,4949,5011,5124,5293,5481,5683,5856,6006,6153,6296,6438,6554
Hombre,24,1823,1892,1965,2044,2120,2210,2321,2433,2551,2673,2794,2916,3036,3153,3267,3376,3481,3583,3684,3785,3885,3988,4098,4209,4316,4416,4522,4624,4705,4763,4770,4757,4768,4795,4834,4885,4992,5160,5351,5557,5732,5883,6039,6188,6336,6480
Hombre,25,1740,1804,1873,1946,2025,2101,2192,2304,2416,2533,2652,2771,2890,3009,3126,3239,3348,3453,3554,3655,3752,3850,3954,4061,4168,4271,4384,4503,4604,4682,4712,4707,4706,4718,4742,4779,4875,5034,5220,5426,5604,5758,5917,6075,6228,6379
Hombre,26,1662,1722,1786,1855,1929,2008,2086,2177,2289,2401,2516,2633,2749,2868,2987,3104,3217,3326,3431,3533,3630,3725,3823,3925,4029,4132,4249,4377,4494,4592,4642,4658,4663,4663,4673,4697,4777,4923,5098,5297,5473,5630,5791,5953,6116,6273
Hombre,27,1590,1647,1708,1772,1841,1916,1997,2075,2166,2278,2388,2501,2617,2733,2852,2971,3088,3202,3312,3417,3515,3609,3704,3801,3900,4001,4120,4251,4378,4493,4564,4598,4622,4627,4626,4636,4702,4831,4989,5174,5342,5498,5664,5828,5994,6161
Hombre,28,1527,1577,1634,1695,1760,1831,1907,1988,2067,2158,2269,2377,2489,2605,2722,2841,2961,3080,3194,3304,3406,3500,3594,3689,3784,3880,3996,4130,4261,4386,4475,4529,4568,4592,4597,4595,4647,4760,4898,5064,5218,5367,5533,5701,5870,6039
Hombre,29,1467,1515,1566,1624,1686,1752,1824,1900,1982,2061,2152,2261,2370,2482,2598,2716,2837,2957,3076,3192,3298,3395,3490,3584,3678,3771,3883,4015,4148,4277,4376,4446,4504,4544,4567,4572,4612,4708,4828,4972,5107,5242,5401,5568,5740,5911
Hombre,30,1409,1460,1509,1560,1618,1682,1749,1821,1898,1980,2059,2149,2257,2366,2479,2597,2715,2837,2959,3079,3190,3291,3389,3484,3577,3669,3777,3905,4037,4169,4273,4353,4426,4484,4523,4547,4592,4675,4777,4900,5013,5130,5275,5434,5605,5779
Hombre,31,1353,1402,1453,1503,1555,1615,1679,1747,1820,1897,1979,2056,2146,2256,2366,2480,2598,2718,2841,2965,3080,3187,3289,3388,3482,3574,3682,3805,3933,4063,4171,4255,4337,4410,4468,4508,4571,4658,4744,4847,4939,5034,5161,5307,5470,5641
Hombre,32,1303,1349,1399,1450,1500,1553,1614,1679,1748,1820,1897,1978,2056,2147,2257,2368,2483,2603,2725,2849,2967,3078,3186,3290,3388,3482,3590,3712,3836,3963,4070,4157,4243,4325,4398,4456,4534,4638,4726,4812,4884,4960,5065,5191,5339,5500
Hombre,33,1257,1299,1346,1396,1448,1499,1553,1615,1680,1748,1821,1898,1979,2058,2149,2261,2373,2489,2611,2733,2853,2967,3080,3189,3293,3391,3500,3622,3745,3869,3973,4059,4147,4232,4314,4388,4483,4601,4705,4792,4848,4905,4989,5092,5218,5363
Hombre,34,1215,1255,1299,1346,1396,1449,1501,1555,1617,1682,1750,1823,1900,1982,2061,2154,2266,2379,2497,2619,2737,2853,2969,3083,3193,3297,3411,3535,3658,3781,3882,3964,4050,4138,4223,4306,4416,4549,4666,4768,4827,4867,4932,5013,5115,5239
Hombre,35,1178,1215,1255,1299,1346,1398,1451,1502,1557,1618,1683,1752,1825,1902,1985,2066,2159,2273,2387,2505,2624,2739,2856,2974,3089,3199,3318,3446,3571,3695,3795,3873,3955,4041,4129,4215,4333,4479,4611,4726,4801,4845,4892,4953,5032,5131
Hombre,36,1147,1181,1217,1257,1301,1349,1401,1454,1505,1559,1620,1686,1755,1828,1907,1990,2071,2166,2280,2395,2510,2626,2742,2861,2979,3095,3220,3353,3483,3609,3710,3787,3866,3947,4034,4123,4243,4394,4538,4668,4757,4817,4867,4910,4968,5043
Hombre,37,1118,1149,1183,1220,1260,1303,1351,1403,1456,1507,1560,1622,1688,1757,1832,1911,1995,2077,2172,2288,2399,2511,2628,2746,2867,2987,3116,3254,3389,3521,3624,3702,3779,3857,3940,4028,4149,4300,4451,4593,4698,4773,4838,4882,4922,4975
Hombre,38,1091,1121,1152,1186,1222,1262,1306,1353,1404,1456,1507,1561,1624,1691,1761,1836,1916,2001,2083,2179,2292,2401,2515,2633,2753,2874,3007,3150,3291,3428,3536,3615,3693,3770,3850,3935,4052,4203,4353,4501,4620,4711,4789,4849,4889,4923
Hombre,39,1065,1095,1124,1155,1188,1224,1264,1307,1354,1404,1456,1508,1564,1627,1694,1765,1840,1921,2006,2089,2183,2293,2403,2519,2638,2758,2892,3038,3184,3328,3441,3525,3605,3684,3763,3845,3957,4103,4253,4401,4526,4631,4725,4797,4852,4886
Hombre,40,1038,1069,1098,1127,1157,1189,1225,1264,1306,1352,1401,1455,1509,1565,1629,1696,1767,1843,1924,2011,2092,2183,2295,2407,2524,2644,2777,2923,3072,3220,3340,3430,3514,3595,3676,3757,3865,4004,4148,4296,4423,4535,4641,4729,4796,4845
Hombre,41,1007,1042,1073,1101,1129,1158,1190,1224,1262,1302,1348,1400,1456,1510,1567,1631,1699,1770,1847,1928,2013,2092,2185,2298,2411,2528,2660,2805,2954,3105,3230,3327,3418,3504,3588,3671,3777,3909,4047,4189,4317,4429,4541,4641,4723,4784
Hombre,42,979,1010,1044,1074,1101,1128,1157,1188,1221,1257,1298,1347,1401,1457,1512,1569,1633,1702,1774,1851,1930,2013,2094,2187,2301,2414,2542,2687,2834,2986,3114,3217,3314,3406,3495,3582,3687,3816,3947,4083,4208,4321,4433,4538,4633,4709
Hombre,43,951,981,1012,1045,1074,1100,1127,1154,1183,1215,1251,1296,1347,1402,1459,1513,1570,1636,1705,1777,1852,1930,2014,2095,2189,2303,2427,2566,2713,2863,2993,3099,3203,3302,3397,3488,3596,3723,3852,3983,4101,4210,4320,4426,4526,4614
Hombre,44,922,951,981,1011,1043,1071,1097,1122,1148,1175,1208,1249,1297,1348,1403,1459,1514,1572,1637,1706,1776,1850,1929,2014,2095,2189,2313,2449,2591,2739,2867,2976,3084,3189,3290,3388,3500,3628,3755,3883,3997,4098,4204,4309,4410,4504
Hombre,45,899,922,951,979,1008,1039,1066,1090,1114,1139,1167,1205,1249,1297,1348,1402,1459,1514,1572,1637,1705,1774,1849,1929,2013,2094,2199,2334,2471,2614,2742,2850,2960,3069,3177,3281,3398,3528,3657,3784,3895,3991,4089,4189,4290,4385
Hombre,46,876,898,921,948,975,1003,1033,1059,1082,1104,1130,1165,1205,1249,1297,1348,1403,1459,1514,1571,1635,1702,1772,1847,1927,2012,2103,2217,2353,2491,2615,2724,2833,2944,3056,3166,3288,3423,3555,3684,3794,3887,3978,4072,4168,4263
Hombre,47,850,872,894,915,942,969,996,1025,1050,1071,1095,1127,1165,1205,1249,1297,1348,1402,1459,1513,1570,1633,1700,1771,1846,1925,2019,2119,2234,2371,2491,2597,2707,2817,2930,3044,3171,3311,3447,3580,3691,3782,3870,3958,4048,4139
Hombre,48,825,846,868,888,909,934,960,986,1014,1038,1061,1092,1127,1164,1205,1249,1295,1346,1400,1456,1510,1566,1630,1697,1768,1843,1931,2033,2134,2250,2370,2473,2579,2690,2803,2918,3048,3192,3333,3470,3585,3676,3763,3848,3933,4019
Hombre,49,797,818,839,859,879,900,925,950,975,1001,1027,1058,1091,1126,1163,1203,1246,1293,1343,1396,1451,1505,1562,1626,1693,1763,1846,1943,2046,2147,2247,2351,2454,2562,2675,2789,2919,3066,3211,3353,3473,3567,3654,3738,3821,3903
Hombre,50,768,788,809,829,849,869,889,914,938,962,991,1023,1057,1090,1124,1161,1200,1243,1289,1338,1391,1447,1501,1558,1622,1689,1766,1857,1953,2056,2142,2227,2331,2436,2544,2658,2787,2934,3082,3229,3354,3452,3543,3628,3711,3791
Hombre,51,739,758,778,798,818,839,859,878,902,926,953,988,1023,1055,1088,1122,1158,1197,1239,1283,1333,1387,1442,1496,1553,1616,1690,1775,1865,1962,2051,2123,2208,2313,2418,2528,2657,2801,2949,3098,3227,3330,3426,3515,3599,3679
Hombre,52,710,727,746,766,787,807,827,847,867,891,917,950,988,1022,1054,1086,1119,1153,1191,1231,1277,1327,1381,1437,1490,1546,1616,1697,1781,1872,1956,2031,2104,2189,2294,2401,2524,2667,2813,2962,3094,3202,3303,3397,3486,3568
Hombre,53,683,697,714,733,754,775,796,817,837,856,883,915,950,986,1019,1051,1082,1113,1147,1183,1225,1271,1321,1375,1430,1483,1545,1621,1701,1786,1864,1935,2011,2084,2169,2275,2395,2532,2676,2823,2955,3066,3172,3272,3367,3454
Hombre,54,657,669,684,702,721,742,764,785,806,826,848,879,912,946,982,1015,1045,1074,1105,1138,1175,1218,1264,1315,1368,1423,1482,1549,1624,1704,1777,1844,1915,1990,2064,2150,2269,2402,2541,2686,2814,2926,3035,3141,3242,3336
Hombre,55,632,642,655,671,689,709,730,753,775,796,819,844,876,909,942,977,1008,1037,1066,1095,1129,1169,1211,1257,1307,1359,1419,1483,1550,1625,1694,1757,1823,1894,1970,2043,2142,2274,2408,2547,2674,2784,2894,3004,3110,3210
Hombre,56,609,617,627,641,657,676,697,720,743,766,789,814,841,872,904,936,970,1000,1028,1055,1086,1123,1162,1204,1248,1297,1354,1419,1482,1549,1614,1673,1735,1802,1873,1949,2035,2146,2278,2412,2534,2643,2752,2863,2972,3078
Hombre,57,587,594,602,614,628,646,666,688,711,736,760,785,810,835,866,897,928,961,990,1016,1045,1079,1115,1153,1194,1238,1291,1353,1416,1479,1537,1593,1652,1713,1780,1851,1939,2037,2148,2280,2397,2502,2611,2721,2831,2940
Hombre,58,564,571,578,588,600,616,634,655,679,704,729,754,778,803,828,858,888,918,950,978,1007,1038,1071,1106,1143,1183,1231,1288,1349,1412,1467,1516,1571,1630,1692,1759,1841,1940,2037,2148,2264,2365,2470,2578,2687,2796
Hombre,59,542,549,557,566,576,590,606,626,648,673,698,723,747,771,795,820,849,878,907,938,968,999,1030,1062,1095,1131,1175,1227,1283,1343,1398,1445,1494,1549,1607,1670,1747,1840,1939,2035,2131,2231,2332,2437,2545,2652
Hombre,60,518,527,535,544,553,565,580,598,618,642,666,690,714,738,762,786,809,838,867,895,928,960,990,1020,1051,1082,1122,1170,1221,1276,1329,1377,1423,1471,1526,1585,1657,1744,1837,1934,2016,2097,2198,2298,2402,2509
Hombre,61,493,503,513,522,531,542,555,571,590,612,635,658,681,704,728,752,775,799,827,855,885,920,951,980,1008,1037,1073,1116,1162,1212,1260,1307,1355,1401,1449,1504,1572,1653,1740,1831,1914,1982,2063,2163,2262,2363
Hombre,62,467,479,490,500,511,522,533,547,564,584,605,626,647,670,694,717,741,765,788,815,844,876,910,940,968,995,1027,1065,1107,1152,1196,1239,1285,1333,1378,1426,1490,1567,1647,1732,1810,1880,1948,2028,2125,2221
Hombre,63,442,454,466,478,490,501,512,525,539,557,576,594,614,636,659,682,706,730,754,777,805,836,866,899,928,954,983,1018,1055,1095,1135,1175,1217,1262,1309,1355,1411,1483,1558,1637,1708,1773,1843,1909,1987,2082
Hombre,64,418,430,443,456,468,480,491,504,517,532,548,564,582,602,624,647,671,695,719,743,767,796,825,854,885,912,940,973,1006,1042,1078,1114,1153,1194,1239,1285,1338,1401,1472,1546,1612,1671,1735,1803,1868,1944
Hombre,65,393,406,419,432,445,457,470,482,495,508,522,536,551,569,590,613,636,661,685,710,734,757,785,813,841,870,900,930,961,993,1025,1057,1092,1130,1170,1214,1267,1327,1389,1458,1520,1574,1632,1695,1761,1822
Hombre,66,372,384,396,409,422,435,448,460,473,486,498,509,522,538,556,577,600,625,650,675,699,722,745,772,799,825,857,888,916,945,974,1003,1035,1069,1105,1145,1195,1255,1314,1375,1432,1482,1534,1591,1651,1713
Hombre,67,349,361,372,385,398,411,424,437,449,462,473,483,495,509,525,545,567,591,616,641,665,688,710,732,758,783,811,843,872,899,925,952,980,1010,1043,1078,1124,1181,1240,1297,1346,1392,1441,1492,1546,1602
Hombre,68,327,339,351,363,375,388,401,414,426,438,449,459,470,482,497,514,534,557,581,607,631,652,674,695,716,740,767,796,826,853,879,904,929,956,984,1016,1057,1109,1165,1221,1267,1305,1350,1397,1445,1496
Hombre,69,304,317,329,341,352,364,376,389,402,414,425,435,445,456,469,485,503,524,547,572,595,617,638,659,680,700,725,752,778,807,833,857,881,904,929,957,994,1041,1091,1145,1190,1225,1262,1305,1349,1395
Hombre,70,280,294,306,318,329,340,351,363,376,388,400,410,421,432,444,457,473,492,513,537,559,580,601,622,643,663,684,708,733,758,785,810,833,854,877,900,933,976,1021,1069,1112,1148,1182,1217,1257,1299
Hombre,71,255,270,283,295,306,317,328,339,350,362,374,385,396,408,419,432,446,463,482,504,525,544,565,586,606,626,646,665,688,711,735,762,785,806,826,847,876,915,956,999,1037,1070,1104,1136,1169,1205
Hombre,72,231,246,260,272,284,295,305,315,326,337,348,360,372,384,396,408,421,436,453,473,492,509,528,549,569,589,608,626,644,666,689,713,738,759,778,797,823,857,893,932,965,995,1026,1058,1087,1117
Hombre,73,209,223,237,250,262,273,283,293,302,312,323,334,347,359,372,384,397,410,425,443,459,474,492,511,531,551,570,587,605,622,643,666,687,710,730,747,771,802,834,868,898,923,950,979,1009,1036
Hombre,74,188,201,214,226,238,250,261,270,279,288,298,309,322,335,348,360,373,386,399,414,428,442,457,475,494,513,532,548,565,581,598,619,639,659,680,698,720,749,778,807,833,856,879,905,932,958
Hombre,75,168,179,190,202,214,226,237,247,256,264,273,284,297,310,323,336,349,361,374,387,399,411,424,440,457,476,493,509,525,540,557,574,593,611,630,650,672,698,724,750,773,792,812,835,859,883
Hombre,76,152,160,170,181,192,203,215,225,234,242,251,261,272,285,298,311,323,336,348,360,371,381,392,406,421,438,455,470,486,501,517,533,548,565,583,599,622,649,673,696,716,732,750,769,788,809
Hombre,77,137,144,151,160,170,181,192,202,212,220,229,239,250,261,273,286,298,311,323,334,344,353,363,374,388,403,418,432,447,462,478,492,506,520,536,552,572,599,622,644,662,676,691,706,723,740
Hombre,78,123,128,134,141,150,159,169,179,189,198,206,216,227,238,249,260,272,285,297,308,317,325,334,345,357,370,383,396,409,424,439,453,467,479,492,506,525,548,572,593,609,622,635,648,662,677
Hombre,79,110,114,119,125,132,140,149,158,167,176,185,195,205,216,226,237,248,259,271,282,291,299,308,317,327,338,349,360,372,386,400,413,427,439,451,463,480,501,522,543,559,571,582,593,605,616
Hombre,80,655,682,712,742,775,806,846,888,934,983,1036,1109,1189,1272,1359,1444,1529,1617,1707,1792,1876,1965,2053,2141,2235,2325,2409,2489,2576,2672,2771,2873,2976,3079,3182,3292,3412,3546,3673,3798,3909,4001,4081,4158,4230,4289
Mujer,0,4911,5041,5164,5274,5367,5441,5489,5520,5552,5589,5619,5628,5630,5631,5631,5628,5624,5619,5614,5605,5627,5687,5742,5785,5818,5837,5844,5848,5851,5856,5855,5839,5821,5805,5796,5785,5811,5887,5974,6062,6127,6197,6287,6373,6457,6527
Mujer,1,4704,4845,4982,5110,5225,5322,5400,5454,5492,5533,5567,5583,5593,5604,5613,5619,5622,5624,5625,5624,5642,5686,5735,5777,5806,5828,5840,5839,5828,5819,5809,5793,5777,5760,5747,5743,5780,5856,5938,6028,6091,6149,6229,6309,6390,6464
Mujer,2,4575,4718,4862,5001,5132,5249,5349,5430,5487,5528,5562,5579,5589,5603,5617,5628,5636,5641,5645,5650,5670,5701,5735,5775,5807,5828,5848,5856,5842,5821,5796,5771,5754,5739,5721,5710,5756,5843,5922,6005,6068,6121,6190,6261,6334,6406
Mujer,3,4456,4598,4744,4889,5030,5162,5282,5383,5467,5525,5558,5575,5586,5600,5616,5631,5644,5653,5661,5667,5686,5715,5739,5766,5799,5826,5848,5866,5864,5841,5804,5765,5740,5722,5704,5688,5727,5822,5912,5991,6045,6097,6162,6223,6287,6351
Mujer,4,4342,4479,4623,4770,4916,5058,5192,5312,5414,5499,5549,5567,5579,5592,5608,5625,5643,5657,5669,5679,5696,5721,5744,5763,5785,5815,5844,5866,5876,5867,5830,5779,5739,5712,5691,5674,5707,5796,5892,5980,6030,6074,6137,6194,6249,6306
Mujer,5,4231,4364,4503,4648,4796,4943,5085,5220,5341,5444,5521,5558,5570,5584,5599,5616,5635,5654,5670,5684,5701,5722,5743,5762,5777,5797,5830,5861,5877,5883,5859,5807,5755,5714,5684,5663,5695,5777,5866,5961,6021,6060,6114,6170,6221,6269
Mujer,6,4121,4251,4385,4524,4669,4818,4966,5109,5244,5366,5462,5527,5558,5573,5588,5605,5623,5644,5664,5682,5700,5719,5737,5755,5771,5785,5809,5845,5872,5885,5875,5837,5786,5733,5689,5658,5686,5766,5848,5935,6002,6051,6100,6148,6198,6243
Mujer,7,4010,4137,4268,4403,4543,4688,4837,4986,5130,5265,5381,5466,5526,5559,5575,5592,5610,5630,5651,5672,5693,5712,5730,5747,5763,5779,5798,5825,5858,5882,5880,5856,5818,5766,5711,5667,5686,5761,5841,5920,5980,6036,6095,6138,6180,6225
Mujer,8,3894,4022,4151,4282,4417,4557,4704,4853,5002,5147,5277,5383,5464,5525,5560,5577,5594,5613,5634,5657,5680,5700,5719,5735,5750,5767,5789,5812,5838,5869,5878,5862,5839,5801,5747,5693,5697,5762,5837,5914,5968,6017,6082,6136,6174,6212
Mujer,9,3774,3904,4032,4162,4294,4429,4570,4717,4867,5016,5156,5278,5379,5461,5524,5559,5577,5596,5616,5637,5660,5684,5705,5722,5739,5756,5778,5804,5826,5852,5867,5862,5847,5825,5785,5732,5725,5774,5839,5911,5964,6007,6066,6127,6176,6211
Mujer,10,3646,3779,3910,4039,4168,4300,4436,4578,4726,4877,5023,5154,5271,5374,5456,5519,5555,5573,5592,5612,5634,5659,5683,5705,5724,5743,5766,5794,5821,5844,5853,5854,5851,5837,5814,5776,5768,5805,5854,5916,5965,6009,6062,6117,6175,6221
Mujer,11,3509,3646,3780,3911,4041,4171,4305,4441,4584,4733,4880,5018,5145,5262,5365,5448,5511,5547,5566,5585,5606,5630,5656,5682,5705,5728,5753,5782,5812,5841,5848,5842,5846,5845,5830,5807,5815,5850,5886,5933,5973,6015,6069,6118,6170,6225
Mujer,12,3365,3505,3644,3779,3911,4041,4173,4307,4445,4589,4734,4873,5007,5134,5252,5355,5437,5500,5536,5554,5574,5599,5625,5653,5680,5707,5736,5768,5800,5833,5845,5836,5835,5841,5839,5826,5848,5897,5933,5967,5994,6028,6079,6130,6177,6226
Mujer,13,3218,3359,3501,3640,3775,3908,4040,4172,4308,4447,4587,4725,4860,4993,5120,5238,5339,5421,5484,5519,5539,5564,5590,5617,5647,5678,5711,5747,5783,5819,5834,5831,5827,5828,5835,5836,5867,5930,5979,6013,6029,6050,6094,6144,6193,6238
Mujer,14,3069,3209,3351,3493,3632,3769,3903,4035,4169,4305,4440,4573,4706,4841,4973,5099,5216,5317,5398,5459,5498,5522,5548,5575,5604,5637,5675,5717,5757,5797,5815,5815,5818,5818,5820,5831,5875,5947,6012,6061,6078,6089,6121,6163,6211,6258
Mujer,15,2919,3055,3195,3338,3480,3620,3757,3892,4026,4161,4294,4421,4548,4680,4814,4945,5069,5184,5283,5363,5427,5470,5496,5522,5551,5583,5624,5670,5716,5760,5781,5785,5794,5802,5804,5810,5864,5950,6025,6092,6126,6139,6161,6191,6232,6279
Mujer,16,2769,2900,3037,3177,3320,3462,3603,3741,3876,4011,4142,4266,4388,4514,4644,4776,4904,5027,5139,5236,5320,5388,5431,5457,5485,5517,5557,5606,5658,5708,5733,5741,5756,5771,5781,5787,5837,5933,6026,6105,6158,6189,6213,6233,6262,6302
Mujer,17,2617,2745,2877,3013,3153,3296,3439,3580,3719,3855,3985,4107,4226,4346,4470,4598,4728,4854,4973,5083,5183,5270,5339,5382,5409,5440,5479,5528,5583,5639,5668,5680,5702,5724,5741,5755,5807,5901,6007,6106,6172,6222,6265,6288,6308,6336
Mujer,18,2468,2592,2720,2851,2986,3126,3269,3412,3554,3693,3825,3946,4063,4180,4298,4419,4545,4671,4794,4911,5024,5128,5214,5282,5326,5356,5394,5443,5499,5559,5591,5606,5633,5663,5685,5707,5767,5863,5970,6085,6171,6236,6299,6341,6364,6383
Mujer,19,2323,2441,2565,2692,2822,2957,3097,3240,3384,3525,3660,3783,3899,4014,4129,4245,4364,4486,4610,4730,4849,4966,5070,5155,5224,5270,5307,5355,5411,5472,5505,5523,5554,5589,5619,5647,5715,5821,5931,6048,6150,6233,6311,6374,6417,6440
Mujer,20,2200,2296,2415,2538,2664,2794,2930,3070,3214,3358,3495,3621,3739,3853,3966,4078,4192,4308,4428,4548,4671,4795,4911,5013,5099,5169,5222,5270,5325,5386,5418,5436,5469,5508,5543,5577,5652,5766,5888,6008,6111,6211,6309,6387,6451,6493
Mujer,21,2093,2177,2273,2390,2512,2638,2769,2904,3045,3188,3328,3457,3577,3694,3807,3918,4028,4139,4254,4372,4495,4622,4745,4859,4961,5048,5125,5189,5244,5303,5335,5350,5382,5422,5461,5500,5581,5702,5832,5965,6071,6170,6284,6383,6462,6525
Mujer,22,1983,2070,2153,2249,2366,2488,2614,2745,2881,3021,3160,3292,3417,3537,3652,3764,3873,3983,4093,4206,4326,4453,4579,4700,4814,4916,5010,5098,5168,5226,5256,5270,5299,5338,5378,5420,5505,5632,5768,5907,6023,6125,6240,6355,6455,6534
Mujer,23,1884,1964,2051,2134,2229,2346,2468,2595,2726,2861,2998,3130,3257,3381,3501,3615,3726,3834,3942,4051,4167,4291,4417,4541,4662,4775,4886,4991,5085,5158,5187,5198,5224,5258,5296,5339,5426,5557,5698,5842,5963,6074,6192,6308,6425,6526
Mujer,24,1792,1867,1947,2033,2117,2212,2330,2452,2579,2710,2842,2973,3101,3228,3352,3470,3584,3693,3801,3909,4020,4138,4261,4386,4511,4630,4752,4874,4984,5080,5124,5133,5155,5185,5219,5261,5348,5480,5622,5770,5894,6011,6138,6257,6375,6493
Mujer,25,1708,1776,1851,1931,2018,2102,2198,2316,2439,2566,2694,2821,2949,3077,3204,3327,3445,3559,3668,3776,3886,3999,4116,4238,4362,4485,4614,4748,4874,4986,5054,5078,5096,5121,5151,5187,5271,5402,5544,5692,5820,5939,6072,6201,6321,6440
Mujer,26,1631,1696,1765,1839,1920,2007,2091,2188,2306,2429,2554,2677,2801,2929,3058,3185,3308,3426,3539,3649,3758,3869,3981,4097,4219,4342,4475,4616,4754,4882,4967,5014,5045,5066,5091,5122,5200,5327,5466,5612,5739,5861,5996,6130,6260,6381
Mujer,27,1560,1621,1686,1755,1830,1911,1998,2083,2180,2299,2420,2540,2662,2786,2914,3043,3170,3294,3412,3526,3637,3747,3857,3968,4084,4203,4337,4483,4628,4768,4869,4933,4986,5019,5039,5065,5137,5257,5389,5531,5656,5777,5915,6051,6186,6316
Mujer,28,1499,1552,1613,1679,1748,1823,1905,1993,2079,2176,2293,2411,2530,2652,2777,2905,3034,3162,3286,3405,3519,3630,3739,3849,3960,4074,4205,4352,4501,4648,4762,4841,4909,4962,4995,5016,5081,5193,5317,5451,5572,5691,5828,5966,6104,6239
Mujer,29,1443,1494,1548,1609,1675,1745,1821,1903,1991,2077,2174,2287,2404,2523,2645,2771,2899,3029,3158,3282,3401,3515,3625,3734,3844,3954,4081,4225,4374,4524,4646,4737,4820,4888,4941,4975,5035,5138,5253,5377,5489,5605,5739,5876,6014,6150
Mujer,30,1387,1440,1491,1545,1607,1673,1743,1819,1902,1991,2076,2169,2282,2399,2519,2642,2768,2898,3028,3157,3280,3399,3513,3624,3733,3842,3964,4104,4250,4401,4527,4625,4719,4803,4870,4924,4995,5091,5196,5310,5413,5521,5650,5782,5918,6055
Mujer,31,1335,1386,1439,1490,1545,1607,1673,1744,1821,1904,1992,2074,2167,2281,2398,2518,2642,2768,2898,3029,3157,3280,3399,3514,3626,3735,3856,3991,4132,4280,4406,4509,4609,4704,4786,4855,4944,5048,5145,5248,5342,5441,5562,5689,5821,5954
Mujer,32,1288,1335,1387,1440,1491,1546,1608,1674,1746,1823,1905,1991,2073,2166,2280,2398,2519,2643,2770,2900,3031,3159,3283,3403,3519,3630,3751,3884,4021,4164,4288,4391,4495,4596,4689,4772,4874,4996,5101,5195,5280,5369,5480,5599,5725,5854
Mujer,33,1244,1288,1336,1388,1441,1492,1547,1610,1677,1749,1825,1906,1991,2073,2167,2282,2400,2521,2645,2773,2903,3034,3163,3288,3409,3525,3648,3781,3915,4054,4173,4274,4379,4483,4583,4677,4792,4925,5047,5149,5224,5305,5406,5514,5631,5754
Mujer,34,1205,1246,1290,1338,1390,1443,1495,1550,1613,1680,1751,1826,1906,1992,2074,2168,2283,2402,2523,2647,2775,2906,3038,3168,3295,3417,3544,3678,3812,3949,4064,4160,4262,4367,4470,4571,4696,4840,4972,5091,5176,5249,5339,5437,5542,5655
Mujer,35,1171,1209,1250,1294,1341,1393,1446,1498,1553,1616,1682,1752,1827,1907,1993,2076,2170,2285,2404,2526,2650,2779,2912,3045,3177,3305,3437,3574,3710,3846,3959,4052,4149,4251,4356,4460,4589,4740,4884,5014,5117,5199,5280,5367,5461,5562
Mujer,36,1140,1175,1213,1253,1297,1344,1396,1449,1501,1556,1618,1683,1753,1828,1908,1995,2078,2172,2287,2406,2529,2656,2786,2920,3054,3187,3324,3467,3606,3744,3857,3947,4041,4138,4240,4346,4476,4631,4782,4923,5039,5139,5228,5306,5389,5477
Mujer,37,1111,1144,1179,1216,1256,1300,1347,1398,1451,1502,1556,1618,1683,1753,1828,1909,1995,2079,2174,2289,2409,2534,2662,2793,2928,3064,3206,3353,3497,3638,3753,3844,3935,4029,4126,4230,4360,4514,4668,4818,4946,5058,5164,5250,5324,5402
Mujer,38,1085,1116,1149,1183,1219,1259,1302,1349,1399,1451,1502,1556,1618,1684,1754,1829,1909,1996,2080,2175,2291,2414,2541,2670,2802,2938,3082,3233,3382,3529,3648,3740,3832,3924,4018,4117,4243,4395,4549,4702,4838,4963,5082,5185,5267,5335
Mujer,39,1058,1088,1119,1151,1185,1221,1260,1302,1348,1398,1449,1500,1555,1617,1683,1753,1829,1910,1997,2081,2178,2297,2421,2549,2678,2811,2955,3108,3261,3412,3537,3634,3728,3821,3914,4009,4129,4275,4427,4581,4722,4855,4984,5098,5197,5273
Mujer,40,1032,1063,1093,1123,1154,1187,1222,1260,1301,1345,1394,1447,1499,1554,1616,1682,1753,1828,1910,1997,2083,2182,2303,2428,2555,2685,2827,2979,3134,3289,3419,3523,3621,3716,3810,3904,4019,4158,4305,4456,4599,4735,4872,4997,5107,5200
Mujer,41,1000,1035,1066,1095,1124,1154,1185,1219,1256,1296,1340,1391,1445,1497,1552,1614,1681,1751,1827,1909,1999,2087,2188,2309,2435,2563,2700,2849,3003,3159,3294,3404,3509,3609,3705,3800,3913,4045,4185,4331,4472,4609,4748,4882,5004,5109
Mujer,42,972,1003,1037,1067,1095,1123,1152,1182,1214,1250,1290,1337,1389,1442,1495,1550,1612,1679,1749,1825,1909,2002,2091,2192,2314,2440,2576,2721,2871,3027,3164,3279,3391,3496,3597,3694,3806,3936,4069,4209,4345,4480,4620,4756,4886,5003
Mujer,43,945,974,1004,1036,1065,1092,1119,1146,1175,1206,1242,1285,1334,1386,1440,1492,1547,1610,1677,1747,1826,1913,2006,2096,2198,2320,2452,2594,2741,2893,3030,3149,3266,3378,3484,3587,3700,3828,3958,4092,4221,4351,4487,4624,4757,4883
Mujer,44,919,946,975,1004,1035,1062,1088,1113,1139,1166,1198,1237,1283,1332,1384,1438,1490,1545,1608,1675,1748,1829,1917,2010,2100,2201,2330,2469,2612,2761,2895,3015,3135,3252,3366,3474,3591,3719,3848,3978,4102,4224,4354,4488,4623,4752
Mujer,45,896,918,945,972,1000,1030,1056,1080,1104,1129,1157,1193,1235,1280,1329,1381,1435,1488,1543,1605,1674,1750,1832,1920,2013,2103,2210,2345,2485,2630,2761,2879,3000,3121,3240,3355,3477,3608,3738,3867,3987,4102,4225,4353,4484,4615
Mujer,46,873,894,915,940,967,993,1022,1047,1070,1092,1118,1152,1191,1233,1277,1326,1378,1432,1484,1539,1604,1676,1753,1835,1922,2016,2111,2224,2360,2501,2631,2747,2866,2987,3109,3229,3357,3492,3625,3755,3874,3985,4101,4221,4347,4475
Mujer,47,851,871,891,910,935,961,986,1013,1037,1058,1082,1114,1150,1189,1231,1275,1324,1376,1429,1481,1539,1607,1679,1755,1837,1924,2023,2124,2238,2374,2501,2615,2732,2852,2974,3098,3230,3370,3507,3640,3760,3869,3981,4095,4214,4337
Mujer,48,825,845,865,884,903,927,951,976,1002,1025,1048,1078,1113,1149,1187,1228,1272,1320,1372,1425,1479,1540,1608,1680,1757,1838,1931,2035,2136,2251,2374,2486,2601,2719,2839,2962,3097,3241,3383,3521,3644,3753,3863,3973,4086,4202
Mujer,49,798,817,837,856,875,893,916,940,964,990,1015,1044,1077,1112,1147,1185,1226,1270,1318,1369,1425,1482,1542,1610,1682,1758,1844,1941,2045,2147,2249,2359,2473,2588,2706,2828,2962,3108,3253,3396,3522,3635,3745,3853,3963,4074
Mujer,50,770,789,809,828,847,865,884,907,930,953,981,1013,1045,1078,1111,1146,1183,1223,1266,1313,1366,1425,1483,1543,1611,1683,1763,1853,1951,2055,2145,2235,2345,2459,2575,2695,2826,2971,3118,3265,3397,3513,3626,3734,3842,3950
Mujer,51,740,759,778,797,817,835,853,872,895,918,944,978,1012,1044,1076,1109,1144,1180,1220,1262,1312,1369,1427,1484,1544,1611,1687,1771,1862,1959,2053,2131,2222,2332,2446,2563,2692,2833,2979,3128,3263,3384,3501,3613,3721,3827
Mujer,52,713,729,748,767,786,806,825,844,862,885,911,942,979,1012,1044,1075,1107,1141,1177,1215,1260,1313,1370,1428,1484,1543,1614,1694,1778,1869,1956,2039,2118,2208,2319,2433,2559,2698,2841,2988,3125,3250,3371,3487,3599,3706
Mujer,53,686,700,717,736,755,776,796,815,835,854,879,910,944,979,1012,1042,1073,1104,1137,1172,1213,1262,1314,1370,1427,1482,1545,1619,1699,1783,1865,1942,2025,2104,2195,2306,2429,2564,2704,2848,2984,3110,3235,3356,3471,3581
Mujer,54,660,672,687,704,724,745,766,787,807,827,849,879,911,944,979,1011,1041,1070,1101,1132,1170,1215,1263,1314,1368,1424,1483,1550,1624,1704,1779,1851,1928,2011,2090,2180,2299,2432,2569,2710,2843,2968,3094,3218,3338,3452
Mujer,55,636,646,659,675,693,713,735,757,779,801,824,849,880,911,943,978,1009,1038,1067,1096,1131,1172,1216,1262,1312,1365,1424,1487,1553,1627,1698,1765,1836,1913,1996,2075,2174,2303,2437,2575,2705,2827,2952,3077,3200,3319
Mujer,56,614,622,633,647,663,683,705,728,751,775,799,824,849,879,910,942,975,1006,1034,1061,1094,1131,1171,1214,1259,1308,1365,1428,1490,1556,1622,1685,1751,1822,1899,1982,2069,2178,2308,2443,2569,2687,2808,2932,3057,3178
Mujer,57,593,600,609,621,636,654,675,698,723,748,773,798,823,848,878,908,939,972,1002,1029,1060,1095,1131,1169,1210,1253,1305,1366,1429,1491,1549,1607,1670,1736,1807,1884,1975,2071,2181,2312,2435,2550,2668,2789,2912,3034
Mujer,58,572,579,588,598,612,628,648,670,694,721,747,772,797,822,847,876,906,936,969,998,1027,1060,1093,1127,1163,1202,1248,1305,1365,1428,1483,1534,1593,1655,1720,1791,1876,1976,2074,2184,2303,2415,2530,2646,2766,2887
Mujer,59,552,561,569,578,590,605,623,643,667,693,719,745,770,795,819,844,873,903,933,965,996,1026,1057,1088,1120,1154,1197,1248,1304,1364,1420,1469,1520,1577,1638,1703,1783,1877,1978,2076,2175,2282,2393,2507,2622,2739
Mujer,60,531,541,551,560,570,583,599,618,640,665,691,717,742,767,792,816,841,870,899,929,963,994,1022,1051,1080,1110,1148,1196,1247,1302,1355,1405,1453,1503,1560,1621,1695,1783,1878,1980,2066,2153,2259,2369,2481,2594
Mujer,61,509,521,531,541,552,564,578,594,614,638,663,687,712,737,762,787,811,836,865,895,926,958,987,1014,1040,1067,1101,1145,1193,1243,1293,1341,1390,1437,1486,1542,1612,1694,1783,1879,1969,2044,2129,2234,2342,2451
Mujer,62,487,500,512,523,534,545,558,573,591,612,635,658,682,707,732,758,783,808,833,862,892,921,951,978,1003,1027,1059,1099,1142,1188,1232,1277,1324,1372,1419,1468,1533,1611,1694,1783,1867,1945,2018,2102,2206,2311
Mujer,63,466,479,492,504,516,528,541,554,570,589,609,630,652,676,701,727,752,778,804,829,857,884,912,941,966,988,1017,1054,1093,1135,1177,1217,1260,1307,1354,1400,1457,1531,1609,1692,1769,1841,1917,1989,2071,2171
Mujer,64,444,457,471,484,497,510,523,536,550,566,584,602,622,645,669,695,721,748,774,800,824,849,874,900,926,949,977,1012,1049,1087,1125,1161,1201,1243,1289,1335,1389,1454,1528,1606,1677,1742,1812,1887,1957,2036
Mujer,65,423,437,450,463,477,491,504,517,530,545,560,576,594,614,637,662,689,716,743,771,794,813,837,861,884,909,937,971,1004,1039,1074,1108,1144,1182,1224,1268,1323,1385,1450,1523,1590,1649,1713,1781,1853,1920
Mujer,66,405,417,430,443,457,471,485,498,511,524,537,551,567,585,607,630,656,683,711,739,763,782,800,822,845,866,896,930,962,994,1026,1057,1090,1125,1163,1203,1255,1318,1379,1443,1504,1559,1617,1679,1746,1816
Mujer,67,385,397,409,422,435,449,463,477,490,503,515,528,542,558,577,599,623,649,677,706,730,749,767,784,805,826,853,888,920,950,980,1009,1039,1071,1105,1141,1189,1248,1309,1370,1423,1474,1527,1584,1644,1708
Mujer,68,363,376,388,401,414,427,441,455,469,482,494,506,518,533,549,568,590,615,642,671,695,714,732,750,767,787,812,843,876,906,934,962,991,1020,1051,1084,1127,1181,1239,1299,1348,1392,1441,1494,1548,1606
Mujer,69,341,355,368,380,392,405,418,431,445,459,471,482,495,508,522,539,559,582,607,635,659,678,697,715,732,749,773,801,830,861,889,917,944,971,999,1029,1068,1117,1170,1226,1275,1316,1358,1406,1457,1509
Mujer,70,317,333,347,359,370,383,395,408,421,435,447,459,472,484,497,512,530,550,573,599,622,641,661,680,698,715,734,760,786,813,843,871,897,923,949,976,1011,1056,1104,1155,1202,1243,1282,1323,1369,1417
Mujer,71,293,309,324,337,349,361,372,384,397,410,423,436,448,461,474,487,502,520,540,563,584,603,623,643,662,680,699,719,743,768,795,825,852,877,902,927,959,999,1042,1088,1130,1169,1209,1247,1287,1331
Mujer,72,267,283,299,313,326,338,350,361,372,384,397,410,424,437,449,462,475,491,509,529,548,566,585,606,626,645,664,682,701,723,748,776,805,830,854,877,907,943,982,1023,1060,1096,1134,1173,1209,1246
Mujer,73,243,259,274,289,303,315,327,338,349,360,372,385,399,413,425,437,450,463,478,496,513,529,548,568,589,610,629,646,663,680,703,729,755,782,807,829,857,890,925,962,996,1028,1062,1099,1136,1170
Mujer,74,220,235,249,264,278,292,304,315,325,335,346,359,373,387,400,412,424,437,450,464,479,495,512,531,552,574,592,609,625,640,659,683,708,733,758,781,808,839,870,903,934,963,994,1027,1062,1096
Mujer,75,199,212,225,239,253,267,280,292,303,313,323,335,348,361,374,386,398,409,421,434,447,461,477,495,516,537,556,571,587,602,619,639,662,685,708,733,759,789,818,849,876,902,929,959,990,1022
Mujer,76,180,190,202,215,228,242,256,268,279,289,299,310,322,335,347,359,371,383,394,405,416,429,444,461,480,501,518,533,548,562,579,599,617,639,661,682,710,739,767,795,820,843,868,895,922,951
Mujer,77,163,171,181,192,204,217,231,243,255,266,276,287,298,309,321,333,344,356,366,376,387,399,413,428,445,465,482,495,509,524,540,559,577,594,614,634,659,688,716,742,766,787,809,832,857,882
Mujer,78,147,154,162,171,181,193,206,218,230,242,252,263,274,284,295,306,317,328,338,348,359,370,383,398,413,431,446,458,471,486,502,519,537,553,569,588,610,637,666,691,713,734,754,775,796,818
Mujer,79,133,139,145,152,160,171,182,193,205,217,228,239,249,259,269,279,289,299,309,319,330,342,355,368,383,399,412,422,434,447,463,480,496,512,527,542,563,588,613,640,662,681,700,719,737,756
Mujer,80,781,823,860,894,938,986,1039,1096,1161,1231,1305,1391,1482,1575,1670,1757,1849,1937,2024,2117,2223,2357,2492,2629,2761,2897,3007,3095,3196,3309,3429,3553,3685,3818,3953,4088,4243,4421,4600,4782,4959,5127,5288,5444,5589,5723
