Sexo,Edad,1970,1971,1972,1973,1974,1975,1976,1977,1978,1979,1980,1981,1982,1983,1984,1985,1986,1987,1988,1989,1990,1991,1992,1993,1994,1995,1996,1997,1998,1999,2000,2001,2002,2003,2004,2005,2006,2007,2008,2009,2010,2011,2012,2013,2014,2015,2016
Hombres,0,4997,5131,5270,5395,5502,5591,5661,5696,5730,5768,5812,5834,5834,5837,5837,5837,5834,5829,5824,5820,5803,5872,5945,6004,6057,6093,6110,6116,6126,6134,6146,6110,6079,6047,6028,6011,5983,6058,6147,6236,6333,6387,6507,6617,6723,6825,6910
Hombres,1,4762,4909,5055,5199,5330,5443,5538,5614,5655,5699,5748,5776,5783,5796,5807,5814,5820,5821,5822,5822,5818,5868,5926,5993,6047,6085,6115,6123,6127,6128,6135,6088,6050,6020,5993,5979,5969,6047,6128,6204,6297,6349,6462,6574,6686,6788,6894
Hombres,2,4628,4775,4927,5075,5222,5356,5474,5572,5651,5696,5743,5770,5777,5789,5803,5815,5824,5830,5834,5837,5840,5889,5924,5978,6042,6084,6119,6145,6151,6143,6145,6094,6046,6008,5981,5959,5952,6048,6130,6199,6278,6332,6442,6546,6656,6762,6865
Hombres,3,4509,4652,4805,4958,5107,5256,5392,5511,5610,5691,5738,5763,5770,5780,5792,5808,5822,5831,5840,5846,5850,5898,5934,5965,6017,6072,6113,6147,6172,6167,6161,6107,6057,6009,5975,5952,5936,6033,6133,6205,6275,6318,6428,6528,6628,6731,6836
Hombres,4,4395,4533,4681,4834,4988,5139,5289,5426,5546,5646,5728,5753,5760,5769,5780,5794,5811,5826,5838,5848,5855,5898,5934,5967,5997,6041,6095,6139,6172,6187,6184,6127,6074,6024,5980,5949,5932,6017,6116,6207,6280,6317,6414,6513,6608,6700,6800
Hombres,5,4284,4418,4560,4708,4861,5015,5167,5318,5455,5576,5676,5738,5746,5754,5764,5778,5793,5812,5829,5843,5854,5893,5925,5959,5991,6015,6059,6118,6162,6187,6205,6154,6098,6046,5999,5956,5930,6010,6096,6189,6280,6323,6410,6495,6589,6676,6763
Hombres,6,4172,4304,4442,4583,4731,4885,5040,5192,5342,5480,5600,5682,5728,5738,5748,5761,5775,5793,5814,5833,5848,5886,5916,5945,5978,6005,6029,6079,6138,6175,6203,6176,6128,6073,6023,5976,5938,6005,6086,6168,6260,6324,6413,6489,6569,6653,6734
Hombres,7,4059,4189,4324,4461,4603,4751,4905,5060,5212,5362,5500,5603,5671,5718,5730,5742,5757,5774,5794,5816,5836,5873,5903,5931,5959,5988,6016,6047,6098,6151,6192,6177,6153,6105,6052,6002,5959,6011,6078,6156,6237,6304,6411,6490,6559,6629,6707
Hombres,8,3941,4072,4205,4340,4476,4618,4766,4920,5075,5226,5376,5499,5589,5658,5707,5722,5736,5753,5772,5794,5818,5855,5885,5913,5940,5966,5996,6032,6065,6111,6168,6168,6158,6134,6088,6035,5988,6031,6083,6148,6225,6282,6388,6484,6555,6615,6678
Hombres,9,3818,3952,4084,4217,4351,4487,4629,4777,4930,5085,5235,5372,5483,5575,5646,5697,5713,5729,5748,5769,5793,5830,5862,5890,5918,5943,5971,6009,6047,6076,6127,6145,6151,6141,6120,6074,6024,6059,6103,6154,6218,6272,6362,6457,6546,6607,6658
Hombres,10,3686,3823,3958,4091,4223,4357,4494,4635,4783,4936,5090,5230,5357,5469,5561,5634,5687,5704,5723,5743,5765,5799,5832,5864,5892,5920,5947,5984,6025,6060,6093,6106,6132,6139,6132,6111,6069,6097,6133,6177,6226,6267,6349,6429,6516,6595,6647
Hombres,11,3547,3687,3825,3960,4092,4224,4358,4495,4636,4783,4936,5080,5211,5339,5452,5547,5621,5675,5695,5715,5737,5768,5799,5832,5863,5892,5921,5959,5999,6038,6078,6076,6097,6124,6133,6126,6109,6142,6171,6209,6252,6276,6341,6413,6485,6561,6632
Hombres,12,3402,3544,3686,3824,3958,4090,4223,4356,4493,4634,4781,4925,5062,5193,5322,5436,5532,5608,5664,5685,5706,5735,5763,5794,5827,5859,5890,5931,5973,6011,6056,6061,6066,6089,6119,6128,6125,6180,6215,6247,6285,6301,6346,6400,6464,6526,6595
Hombres,13,3253,3395,3539,3681,3818,3952,4085,4217,4352,4488,4628,4768,4905,5042,5174,5303,5418,5515,5592,5649,5671,5697,5724,5752,5782,5816,5851,5894,5939,5979,6024,6035,6049,6057,6083,6113,6127,6195,6254,6291,6324,6333,6366,6400,6447,6502,6556
Hombres,14,3100,3240,3383,3526,3667,3804,3939,4071,4203,4337,4472,4605,4738,4875,5012,5144,5273,5389,5486,5563,5620,5646,5669,5695,5721,5752,5788,5837,5885,5929,5978,5991,6015,6032,6043,6068,6104,6190,6265,6329,6370,6371,6394,6416,6444,6482,6530
Hombres,15,2943,3076,3216,3358,3500,3639,3776,3910,4042,4173,4305,4433,4560,4691,4826,4961,5092,5220,5335,5431,5507,5565,5587,5608,5629,5658,5691,5742,5797,5842,5896,5917,5951,5978,5999,6008,6041,6152,6249,6337,6407,6413,6426,6438,6456,6475,6508
Hombres,16,2776,2908,3042,3180,3319,3459,3598,3733,3866,3996,4125,4249,4370,4494,4622,4754,4886,5014,5141,5253,5346,5421,5477,5494,5507,5533,5563,5613,5670,5721,5776,5804,5854,5892,5922,5937,5956,6071,6198,6318,6413,6445,6462,6464,6474,6483,6499
Hombres,17,2619,2737,2868,2999,3133,3271,3409,3546,3680,3811,3938,4059,4176,4293,4413,4537,4665,4794,4920,5042,5150,5241,5316,5365,5372,5392,5416,5462,5515,5569,5626,5654,5719,5775,5815,5836,5863,5970,6106,6264,6393,6448,6490,6496,6498,6500,6507
Hombres,18,2458,2576,2693,2822,2950,3082,3218,3354,3490,3621,3749,3869,3983,4096,4209,4325,4446,4571,4696,4818,4935,5040,5134,5200,5236,5250,5266,5308,5355,5407,5461,5486,5558,5629,5685,5712,5746,5866,5997,6169,6339,6424,6489,6522,6530,6524,6525
Hombres,19,2305,2418,2535,2649,2775,2901,3032,3166,3302,3435,3563,3684,3797,3907,4016,4126,4238,4356,4478,4600,4716,4830,4939,5024,5078,5119,5128,5163,5202,5250,5298,5315,5385,5462,5532,5574,5614,5743,5889,6059,6243,6366,6463,6519,6555,6557,6553
Hombres,20,2197,2269,2381,2496,2608,2732,2857,2987,3120,3253,3383,3506,3620,3730,3837,3943,4049,4159,4274,4393,4511,4624,4743,4844,4918,4975,5009,5039,5069,5112,5151,5156,5217,5293,5368,5425,5476,5612,5767,5951,6134,6268,6404,6491,6552,6583,6587
Hombres,21,2083,2164,2236,2346,2459,2571,2695,2819,2948,3080,3210,3335,3451,3562,3669,3773,3877,3981,4089,4201,4317,4431,4548,4661,4753,4827,4877,4935,4959,4993,5025,5019,5066,5132,5206,5269,5333,5480,5640,5831,6028,6157,6305,6432,6527,6583,6619
Hombres,22,1976,2053,2134,2205,2314,2427,2538,2662,2786,2914,3043,3168,3288,3402,3511,3616,3718,3820,3923,4029,4139,4250,4368,4481,4586,4677,4744,4820,4872,4900,4923,4908,4939,4989,5054,5117,5185,5343,5513,5706,5909,6048,6193,6332,6468,6560,6621
Hombres,23,1879,1949,2026,2107,2177,2286,2399,2511,2634,2757,2883,3008,3129,3246,3358,3466,3569,3671,3772,3874,3978,4084,4199,4313,4419,4522,4606,4702,4771,4827,4844,4820,4836,4871,4921,4977,5044,5203,5382,5580,5785,5927,6084,6221,6371,6505,6603
Hombres,24,1790,1856,1927,2003,2084,2155,2264,2377,2489,2612,2733,2855,2976,3095,3211,3323,3429,3532,3633,3734,3835,3934,4042,4154,4264,4367,4464,4579,4668,4741,4785,4755,4758,4778,4812,4855,4914,5070,5249,5452,5661,5802,5964,6114,6261,6410,6550
Hombres,25,1710,1770,1837,1908,1984,2065,2137,2247,2360,2472,2593,2711,2830,2950,3068,3184,3294,3401,3504,3604,3705,3799,3901,4007,4115,4221,4320,4448,4557,4650,4713,4710,4703,4708,4727,4756,4802,4947,5120,5319,5532,5676,5839,5994,6155,6301,6457
Hombres,26,1632,1691,1753,1819,1890,1967,2049,2122,2232,2345,2456,2575,2690,2808,2928,3046,3161,3272,3379,3482,3583,3676,3773,3873,3976,4081,4183,4315,4438,4550,4634,4650,4666,4660,4665,4681,4712,4842,5003,5193,5400,5546,5713,5869,6036,6196,6349
Hombres,27,1563,1617,1677,1738,1805,1877,1955,2038,2111,2221,2334,2442,2559,2674,2792,2912,3030,3146,3258,3365,3469,3561,3656,3752,3850,3950,4052,4187,4315,4441,4545,4583,4613,4630,4624,4627,4645,4759,4902,5076,5272,5412,5584,5744,5911,6077,6244
Hombres,28,1504,1549,1604,1664,1726,1794,1867,1946,2030,2103,2213,2324,2430,2547,2663,2781,2901,3021,3138,3250,3358,3453,3547,3641,3736,3831,3928,4064,4196,4326,4445,4504,4553,4583,4600,4593,4597,4697,4822,4974,5153,5283,5450,5615,5786,5953,6125
Hombres,29,1442,1492,1538,1593,1654,1717,1787,1860,1940,2024,2098,2206,2316,2423,2540,2656,2776,2897,3017,3135,3249,3347,3443,3537,3631,3724,3817,3948,4081,4215,4338,4413,4479,4528,4559,4574,4569,4654,4762,4894,5050,5163,5320,5481,5655,5825,5997
Hombres,30,1384,1434,1485,1532,1587,1649,1714,1784,1858,1938,2022,2095,2202,2312,2420,2538,2655,2775,2898,3019,3138,3241,3341,3437,3531,3623,3714,3840,3969,4104,4233,4312,4393,4459,4508,4538,4555,4629,4721,4833,4967,5059,5200,5350,5518,5692,5866
Hombres,31,1329,1376,1427,1479,1526,1583,1646,1711,1782,1857,1937,2020,2092,2200,2311,2420,2539,2657,2779,2903,3026,3134,3239,3339,3436,3528,3620,3743,3867,3998,4128,4213,4297,4377,4443,4492,4523,4618,4697,4790,4903,4974,5094,5228,5386,5553,5729
Hombres,32,1281,1325,1373,1424,1476,1524,1582,1646,1712,1783,1857,1936,2020,2092,2201,2313,2422,2543,2663,2786,2911,3023,3133,3239,3340,3436,3528,3651,3772,3899,4026,4113,4201,4285,4364,4431,4480,4588,4687,4765,4858,4910,5009,5121,5261,5416,5584
Hombres,33,1236,1277,1321,1370,1422,1474,1524,1582,1647,1713,1783,1858,1937,2021,2094,2204,2317,2428,2550,2671,2795,2910,3024,3135,3242,3343,3439,3561,3683,3807,3931,4014,4103,4190,4274,4354,4421,4545,4656,4753,4831,4865,4944,5034,5150,5286,5440
Hombres,34,1196,1234,1276,1321,1370,1422,1476,1525,1584,1649,1715,1785,1860,1939,2024,2098,2209,2323,2435,2558,2680,2794,2911,3027,3139,3246,3348,3473,3596,3720,3842,3921,4006,4094,4181,4265,4346,4485,4612,4720,4816,4837,4897,4966,5059,5171,5306
Hombres,35,1161,1195,1234,1276,1321,1371,1424,1477,1527,1586,1650,1716,1787,1862,1942,2028,2103,2215,2330,2443,2567,2680,2797,2915,3032,3145,3253,3383,3508,3633,3756,3833,3913,3997,4085,4173,4257,4408,4549,4673,4779,4822,4867,4917,4988,5076,5185
Hombres,36,1131,1163,1198,1236,1278,1323,1374,1427,1480,1530,1588,1652,1719,1790,1866,1947,2033,2109,2222,2338,2452,2568,2683,2801,2920,3038,3152,3287,3418,3547,3671,3748,3826,3905,3989,4078,4167,4318,4469,4607,4729,4785,4849,4885,4935,5001,5085
Hombres,37,1103,1133,1165,1200,1239,1280,1326,1376,1429,1482,1531,1589,1655,1721,1793,1870,1951,2038,2115,2229,2346,2452,2570,2686,2806,2927,3046,3186,3322,3456,3585,3663,3740,3817,3897,3983,4073,4224,4376,4525,4661,4735,4810,4865,4899,4944,5005
Hombres,38,1076,1106,1136,1168,1203,1241,1283,1328,1378,1430,1482,1531,1591,1657,1724,1797,1874,1957,2044,2122,2236,2347,2455,2574,2692,2813,2934,3079,3221,3360,3495,3576,3654,3731,3809,3891,3978,4126,4279,4427,4574,4665,4756,4822,4875,4903,4942
Hombres,39,1050,1080,1109,1139,1171,1205,1243,1284,1329,1378,1429,1482,1533,1594,1660,1728,1801,1879,1962,2050,2128,2237,2348,2458,2579,2697,2819,2965,3111,3257,3398,3484,3566,3644,3723,3803,3886,4028,4178,4327,4474,4578,4684,4765,4829,4875,4897
Hombres,40,1021,1054,1084,1112,1141,1172,1206,1244,1284,1328,1375,1427,1483,1534,1595,1662,1730,1804,1882,1966,2055,2128,2238,2351,2463,2584,2704,2849,2997,3147,3293,3386,3473,3555,3635,3716,3798,3932,4075,4221,4370,4476,4593,4689,4768,4824,4865
Hombres,41,989,1025,1058,1087,1114,1143,1173,1206,1242,1281,1323,1372,1428,1484,1536,1597,1664,1733,1807,1886,1970,2055,2129,2240,2355,2466,2589,2731,2878,3030,3180,3280,3374,3462,3546,3629,3712,3841,3977,4116,4262,4371,4487,4594,4687,4759,4809
Hombres,42,965,992,1028,1060,1088,1114,1142,1172,1203,1238,1276,1320,1373,1429,1485,1538,1599,1667,1736,1811,1890,1970,2056,2131,2243,2358,2470,2614,2759,2909,3062,3166,3267,3361,3451,3539,3624,3750,3881,4013,4153,4262,4379,4486,4590,4676,4741
Hombres,43,933,968,994,1029,1060,1087,1113,1140,1168,1198,1231,1271,1320,1374,1430,1487,1539,1601,1670,1739,1814,1889,1971,2057,2132,2245,2360,2493,2639,2787,2939,3046,3152,3253,3350,3443,3533,3659,3787,3916,4049,4153,4266,4374,4477,4574,4654
Hombres,44,910,934,968,994,1028,1057,1084,1109,1134,1161,1189,1226,1272,1321,1374,1431,1487,1541,1603,1671,1740,1812,1888,1970,2057,2133,2245,2381,2516,2665,2813,2921,3030,3137,3240,3340,3436,3564,3691,3818,3948,4045,4151,4256,4361,4458,4549
Hombres,45,888,910,934,967,991,1024,1053,1078,1102,1126,1151,1183,1226,1272,1321,1374,1430,1487,1541,1603,1671,1738,1810,1887,1970,2056,2132,2265,2402,2539,2689,2795,2905,3015,3123,3230,3332,3463,3593,3720,3848,3942,4040,4138,4240,4339,4431
Hombres,46,865,887,909,932,963,987,1019,1047,1071,1093,1115,1145,1184,1226,1272,1321,1374,1431,1487,1540,1602,1668,1735,1808,1886,1968,2055,2150,2284,2422,2560,2670,2778,2888,3000,3111,3220,3356,3490,3619,3748,3840,3933,4023,4120,4216,4310
Hombres,47,839,861,883,904,926,957,980,1011,1038,1061,1081,1109,1145,1184,1226,1272,1321,1374,1430,1487,1539,1600,1666,1734,1807,1884,1966,2071,2167,2301,2440,2541,2652,2761,2873,2987,3101,3241,3380,3514,3645,3737,3826,3913,4002,4093,4185
Hombres,48,814,835,857,878,898,919,949,971,1001,1027,1048,1074,1109,1145,1183,1226,1271,1319,1372,1428,1484,1535,1596,1663,1731,1804,1881,1980,2086,2182,2317,2422,2523,2635,2745,2860,2976,3120,3263,3402,3538,3632,3720,3805,3890,3975,4062
Hombres,49,786,807,828,849,869,889,910,939,961,989,1013,1041,1074,1108,1144,1182,1223,1268,1317,1369,1423,1479,1531,1592,1659,1727,1799,1893,1993,2099,2195,2298,2403,2505,2618,2731,2846,2992,3139,3282,3424,3521,3612,3696,3780,3862,3943
Hombres,50,758,778,798,819,839,859,879,899,928,948,976,1006,1040,1073,1106,1142,1179,1221,1265,1312,1363,1419,1475,1527,1588,1655,1722,1810,1903,2003,2109,2175,2278,2384,2487,2601,2715,2859,3008,3155,3302,3405,3499,3586,3670,3751,3830
Hombres,51,730,748,768,788,808,828,849,868,888,916,936,969,1006,1039,1071,1105,1139,1176,1217,1260,1306,1359,1414,1470,1522,1583,1649,1731,1818,1912,2012,2089,2156,2259,2366,2470,2586,2727,2874,3023,3173,3280,3380,3471,3558,3640,3718
Hombres,52,702,718,736,756,776,797,817,837,857,877,904,930,970,1005,1038,1069,1102,1135,1171,1210,1252,1301,1353,1409,1464,1516,1576,1656,1737,1825,1919,1992,2070,2137,2240,2348,2453,2595,2739,2886,3038,3149,3254,3351,3443,3528,3608
Hombres,53,676,689,705,723,743,764,786,806,827,846,866,899,930,969,1003,1035,1066,1097,1129,1164,1202,1247,1295,1347,1402,1457,1508,1581,1660,1742,1830,1898,1972,2050,2117,2221,2329,2460,2604,2748,2898,3011,3120,3223,3321,3412,3496
Hombres,54,652,662,676,692,711,731,753,774,795,816,836,860,897,927,965,999,1030,1059,1089,1121,1154,1196,1240,1288,1341,1395,1450,1513,1585,1663,1744,1809,1878,1951,2029,2098,2202,2335,2468,2613,2758,2870,2981,3089,3193,3291,3381
Hombres,55,628,636,647,662,679,698,719,741,764,785,807,830,858,894,923,960,993,1023,1051,1080,1110,1148,1189,1233,1281,1332,1386,1451,1514,1586,1664,1724,1789,1857,1930,2009,2077,2206,2341,2474,2620,2728,2839,2949,3058,3162,3258
Hombres,56,605,612,621,633,648,666,686,708,731,754,777,801,827,854,889,918,953,986,1014,1041,1068,1104,1141,1182,1225,1271,1322,1386,1451,1513,1585,1643,1703,1767,1836,1910,1988,2081,2211,2345,2479,2589,2697,2807,2918,3026,3129
Hombres,57,584,590,597,607,620,636,655,676,699,723,748,772,797,822,848,883,910,945,976,1003,1028,1061,1096,1133,1173,1215,1261,1321,1384,1448,1510,1563,1622,1681,1745,1814,1888,1990,2083,2213,2347,2447,2557,2665,2776,2886,2993
Hombres,58,561,567,574,582,593,607,624,644,666,691,716,741,766,790,815,841,874,901,935,964,991,1022,1054,1088,1123,1162,1203,1258,1318,1380,1444,1489,1542,1600,1659,1724,1793,1888,1991,2083,2213,2314,2415,2524,2632,2742,2850
Hombres,59,538,545,553,561,570,582,597,615,636,660,685,710,735,759,783,807,832,865,890,923,952,984,1014,1045,1078,1112,1150,1200,1254,1312,1374,1422,1467,1520,1577,1637,1702,1792,1888,1989,2081,2180,2282,2382,2491,2598,2706
Hombres,60,513,522,531,539,548,558,571,588,607,629,654,678,702,726,750,774,797,821,854,879,911,944,975,1005,1035,1066,1098,1145,1194,1247,1305,1353,1401,1445,1497,1555,1615,1699,1789,1884,1984,2047,2147,2248,2348,2456,2561
Hombres,61,487,498,508,517,526,536,548,562,580,600,623,646,669,692,716,740,763,787,811,842,867,903,936,965,994,1022,1052,1093,1138,1186,1237,1283,1331,1379,1423,1475,1533,1611,1695,1784,1878,1950,2014,2112,2213,2310,2416
Hombres,62,461,473,485,495,505,516,527,539,555,573,594,615,636,658,682,705,729,753,776,799,830,858,894,925,954,981,1008,1045,1085,1128,1175,1216,1261,1309,1356,1400,1452,1528,1605,1688,1776,1843,1916,1979,2076,2174,2268
Hombres,63,435,448,460,472,484,495,506,518,531,547,566,585,603,624,647,670,694,718,742,765,788,822,849,883,914,941,966,1000,1036,1074,1116,1154,1195,1239,1285,1333,1376,1445,1520,1596,1677,1739,1807,1878,1940,2034,2130
Hombres,64,411,424,436,449,462,474,485,497,510,524,540,556,572,591,612,635,659,683,707,731,754,779,812,838,870,899,924,956,989,1023,1060,1095,1133,1172,1215,1262,1308,1367,1435,1508,1583,1640,1702,1768,1838,1898,1989
Hombres,65,387,399,412,425,438,451,463,476,488,501,515,529,543,559,579,601,624,648,673,697,722,745,769,800,825,856,884,915,945,976,1009,1040,1074,1110,1149,1191,1236,1297,1356,1422,1494,1545,1602,1662,1727,1794,1850
Hombres,66,366,378,390,402,415,428,442,454,466,479,492,503,515,529,546,566,588,612,638,662,687,710,733,756,787,810,840,873,902,930,960,988,1018,1051,1086,1124,1165,1225,1285,1342,1407,1456,1507,1561,1620,1681,1745
Hombres,67,342,355,366,378,391,404,417,430,443,455,468,478,488,501,516,534,555,578,603,628,654,676,699,720,743,772,794,828,858,885,912,938,966,994,1026,1060,1096,1152,1210,1269,1324,1367,1416,1465,1518,1573,1631
Hombres,68,320,333,345,357,368,381,394,407,420,432,444,454,464,475,488,505,523,545,568,593,620,641,663,684,705,726,754,780,811,840,866,891,916,942,969,999,1032,1082,1136,1193,1249,1284,1326,1373,1420,1470,1521
Hombres,69,297,311,323,335,346,357,370,382,395,408,420,430,440,450,462,476,493,512,535,559,584,606,627,648,669,690,710,740,763,793,820,845,869,892,916,942,971,1017,1065,1117,1172,1208,1242,1282,1327,1371,1418
Hombres,70,272,287,300,312,323,334,345,357,369,382,394,405,415,426,437,450,464,482,502,524,549,569,590,611,632,653,673,694,722,744,772,798,822,843,865,888,912,954,998,1044,1094,1130,1165,1198,1236,1278,1319
Hombres,71,247,262,277,289,301,311,322,333,344,356,368,379,390,402,413,425,438,454,472,492,515,534,554,575,596,616,636,655,675,701,721,749,774,796,815,836,857,894,935,977,1021,1053,1087,1120,1151,1186,1224
Hombres,72,224,238,253,266,278,289,300,310,320,331,342,354,366,378,390,402,414,428,444,462,483,500,518,538,559,579,599,617,635,653,678,699,726,749,768,787,806,839,874,912,951,979,1010,1042,1073,1101,1133
Hombres,73,202,216,230,243,256,267,278,288,297,307,317,328,340,353,365,378,390,403,417,433,452,466,482,501,521,541,561,578,596,613,630,656,675,699,720,739,755,786,818,850,885,910,936,964,994,1023,1048
Hombres,74,182,194,207,220,232,244,256,265,274,283,292,303,315,328,341,354,366,379,392,406,422,434,449,465,484,503,523,540,556,573,589,607,630,648,670,690,706,734,763,792,822,844,867,891,918,945,971
Hombres,75,163,173,184,196,208,220,232,242,252,260,268,278,290,303,316,329,342,355,367,380,394,404,417,431,448,466,485,501,517,532,548,565,582,603,619,641,658,685,711,737,763,782,801,823,846,871,895
Hombres,76,148,155,164,175,186,197,209,220,229,238,246,255,266,278,291,304,317,329,342,354,366,375,386,398,413,429,447,462,478,493,509,525,540,555,575,590,608,636,661,684,708,724,740,759,778,798,820
Hombres,77,133,140,147,155,165,175,186,197,207,216,224,233,244,255,267,279,292,304,317,328,340,348,357,368,380,395,411,425,439,454,470,485,499,513,526,545,558,586,611,633,654,669,683,698,714,731,749
Hombres,78,120,125,130,137,145,154,164,174,184,193,202,210,221,232,243,254,266,278,291,302,313,321,329,339,350,363,377,389,402,416,431,446,460,473,485,498,514,535,560,583,602,615,628,641,654,669,684
Hombres,79,108,112,116,122,128,135,144,153,162,172,180,189,200,210,221,231,242,253,265,276,287,295,303,312,321,332,344,354,365,378,393,406,420,433,445,457,468,491,510,533,552,566,576,587,599,610,622
Hombres,80,638,665,692,721,753,785,820,859,904,954,1001,1063,1143,1224,1310,1397,1480,1569,1656,1744,1830,1915,2005,2092,2180,2275,2366,2440,2524,2615,2717,2816,2918,3020,3123,3231,3343,3470,3605,3730,3852,3957,4036,4116,4190,4259,4310
Mujeres,0,4845,4976,5105,5223,5325,5408,5473,5505,5534,5569,5609,5628,5628,5631,5631,5630,5626,5621,5616,5612,5598,5656,5718,5765,5804,5832,5841,5846,5850,5851,5861,5848,5830,5811,5799,5793,5777,5845,5928,6019,6104,6149,6245,6328,6417,6496,6557
Mujeres,1,4633,4774,4915,5048,5172,5278,5365,5435,5472,5511,5554,5579,5587,5599,5609,5616,5621,5623,5624,5625,5622,5661,5710,5760,5794,5818,5837,5843,5835,5820,5818,5800,5785,5769,5751,5743,5743,5817,5894,5982,6074,6107,6191,6266,6351,6428,6499
Mujeres,2,4504,4645,4791,4933,5069,5194,5303,5394,5466,5507,5549,5574,5583,5595,5610,5623,5632,5639,5643,5647,5652,5687,5714,5755,5795,5818,5837,5858,5854,5830,5811,5781,5761,5747,5730,5711,5709,5802,5883,5961,6049,6086,6156,6224,6297,6371,6441
Mujeres,3,4387,4525,4671,4817,4961,5098,5226,5337,5429,5504,5546,5570,5580,5592,5607,5624,5638,5649,5657,5664,5670,5702,5728,5750,5782,5815,5836,5859,5872,5855,5827,5781,5749,5730,5713,5694,5681,5773,5871,5952,6029,6061,6133,6190,6255,6318,6384
Mujeres,4,4276,4408,4550,4696,4844,4988,5127,5256,5367,5461,5536,5562,5572,5585,5599,5616,5634,5651,5663,5674,5683,5709,5733,5755,5771,5799,5830,5857,5875,5877,5857,5802,5755,5722,5701,5681,5666,5748,5843,5941,6019,6041,6106,6167,6221,6277,6334
Mujeres,5,4166,4296,4432,4574,4721,4870,5015,5155,5284,5397,5490,5551,5564,5576,5591,5607,5625,5645,5663,5677,5690,5712,5732,5754,5770,5783,5810,5849,5872,5882,5883,5834,5779,5731,5697,5671,5655,5735,5819,5913,6008,6033,6086,6142,6198,6244,6294
Mujeres,6,4057,4185,4317,4453,4595,4743,4892,5039,5178,5309,5422,5502,5551,5565,5580,5596,5613,5633,5654,5674,5689,5710,5728,5746,5763,5779,5791,5827,5863,5881,5889,5861,5813,5758,5708,5669,5647,5725,5807,5889,5980,6023,6078,6122,6173,6223,6263
Mujeres,7,3947,4072,4202,4334,4471,4614,4762,4912,5059,5200,5330,5431,5501,5551,5567,5583,5600,5619,5640,5662,5682,5703,5721,5739,5754,5771,5787,5808,5842,5874,5890,5869,5842,5794,5738,5684,5650,5721,5801,5880,5959,6000,6071,6118,6157,6203,6247
Mujeres,8,3831,3957,4086,4216,4348,4485,4629,4778,4928,5076,5217,5337,5429,5499,5551,5568,5585,5603,5623,5645,5668,5691,5709,5728,5742,5758,5776,5801,5822,5853,5885,5871,5852,5825,5777,5717,5668,5725,5798,5876,5952,5983,6050,6114,6157,6191,6232
Mujeres,9,3709,3839,3968,4096,4227,4360,4497,4642,4791,4942,5090,5222,5333,5425,5497,5550,5568,5586,5605,5626,5647,5673,5695,5714,5730,5747,5764,5792,5816,5836,5867,5867,5856,5838,5811,5759,5704,5745,5803,5874,5948,5979,6035,6097,6157,6195,6226
Mujeres,10,3579,3712,3845,3974,4103,4233,4367,4505,4650,4801,4953,5092,5215,5327,5420,5492,5545,5564,5582,5601,5622,5646,5671,5695,5714,5733,5752,5779,5808,5833,5854,5852,5856,5846,5828,5799,5752,5784,5825,5882,5949,5981,6037,6087,6146,6203,6238
Mujeres,11,3440,3577,3714,3846,3976,4105,4237,4372,4510,4657,4808,4952,5083,5206,5318,5412,5484,5538,5556,5575,5594,5618,5642,5670,5694,5716,5739,5767,5797,5827,5855,5840,5843,5849,5840,5819,5795,5834,5866,5906,5959,5987,6043,6094,6142,6197,6252
Mujeres,12,3295,3435,3575,3712,3845,3976,4106,4239,4374,4515,4662,4805,4941,5072,5196,5308,5401,5473,5526,5545,5562,5586,5611,5639,5666,5694,5720,5752,5784,5816,5850,5840,5832,5837,5844,5833,5819,5877,5917,5948,5985,6002,6053,6105,6154,6199,6253
Mujeres,13,3148,3288,3430,3571,3708,3842,3974,4105,4239,4376,4517,4657,4792,4928,5058,5182,5293,5385,5457,5510,5527,5551,5576,5603,5631,5662,5693,5729,5765,5801,5836,5832,5829,5824,5832,5838,5834,5900,5960,5998,6027,6030,6070,6118,6169,6216,6260
Mujeres,14,3000,3138,3280,3422,3563,3701,3836,3969,4101,4236,4373,4507,4638,4773,4908,5038,5160,5271,5362,5433,5485,5510,5534,5562,5588,5620,5654,5696,5737,5777,5816,5813,5817,5819,5817,5823,5838,5912,5981,6042,6079,6076,6102,6139,6186,6235,6281
Mujeres,15,2852,2985,3124,3266,3409,3551,3689,3825,3959,4093,4229,4358,4483,4613,4747,4880,5009,5129,5238,5328,5397,5457,5482,5509,5535,5566,5600,5647,5693,5738,5781,5781,5789,5799,5805,5802,5818,5910,5989,6061,6123,6129,6149,6172,6209,6254,6303
Mujeres,16,2704,2833,2967,3106,3248,3391,3533,3672,3809,3943,4078,4205,4326,4449,4578,4710,4841,4967,5086,5192,5280,5359,5417,5445,5469,5500,5533,5580,5632,5684,5731,5734,5748,5763,5779,5782,5791,5883,5983,6068,6142,6173,6204,6221,6245,6279,6325
Mujeres,17,2554,2680,2810,2943,3082,3224,3367,3510,3650,3787,3922,4048,4166,4285,4407,4533,4663,4792,4915,5031,5134,5232,5308,5369,5394,5424,5456,5502,5554,5612,5666,5669,5690,5713,5735,5746,5764,5849,5952,6061,6150,6193,6250,6279,6297,6318,6354
Mujeres,18,2407,2528,2655,2784,2917,3055,3197,3340,3483,3624,3761,3888,4004,4121,4238,4357,4481,4608,4733,4854,4967,5080,5175,5253,5310,5341,5371,5417,5469,5529,5588,5593,5618,5648,5677,5693,5720,5814,5912,6028,6142,6200,6271,6326,6356,6372,6394
Mujeres,19,2265,2380,2502,2628,2756,2888,3026,3168,3312,3455,3595,3724,3842,3956,4071,4186,4303,4424,4548,4671,4788,4910,5022,5117,5192,5255,5285,5329,5381,5441,5502,5508,5537,5570,5607,5630,5663,5766,5875,5987,6109,6190,6276,6345,6403,6431,6448
Mujeres,20,2162,2238,2354,2475,2600,2728,2860,2999,3141,3286,3429,3561,3681,3796,3909,4022,4134,4249,4367,4488,4608,4734,4855,4966,5059,5138,5199,5244,5295,5355,5416,5420,5451,5487,5528,5557,5597,5706,5826,5949,6067,6155,6266,6351,6423,6478,6508
Mujeres,21,2048,2138,2215,2330,2450,2574,2702,2835,2973,3116,3260,3395,3518,3636,3751,3862,3973,4083,4195,4312,4431,4559,4685,4804,4913,5009,5086,5164,5214,5273,5333,5336,5364,5400,5444,5477,5523,5639,5765,5899,6030,6111,6229,6338,6427,6496,6554
Mujeres,22,1941,2024,2115,2191,2306,2426,2550,2678,2811,2950,3092,3228,3355,3478,3595,3709,3818,3928,4037,4148,4263,4389,4517,4641,4759,4869,4963,5057,5139,5197,5255,5257,5282,5315,5360,5396,5444,5566,5698,5837,5977,6068,6181,6298,6412,6498,6570
Mujeres,23,1845,1922,2006,2095,2172,2286,2406,2530,2659,2792,2930,3065,3194,3320,3442,3559,3671,3780,3888,3996,4106,4227,4354,4479,4602,4721,4829,4942,5040,5129,5187,5187,5209,5238,5277,5314,5364,5488,5626,5769,5914,6012,6136,6247,6369,6481,6571
Mujeres,24,1756,1828,1905,1988,2078,2155,2269,2390,2514,2643,2776,2908,3037,3165,3291,3412,3528,3639,3747,3855,3962,4077,4199,4323,4449,4572,4688,4816,4931,5036,5123,5124,5142,5167,5202,5236,5285,5411,5548,5695,5844,5944,6077,6199,6315,6435,6551
Mujeres,25,1675,1740,1812,1889,1973,2063,2140,2255,2376,2501,2630,2757,2884,3013,3141,3267,3387,3503,3614,3722,3830,3941,4057,4175,4300,4424,4545,4682,4813,4934,5037,5070,5086,5106,5136,5165,5209,5333,5471,5616,5768,5871,6007,6137,6264,6378,6502
Mujeres,26,1599,1662,1729,1800,1878,1961,2052,2130,2245,2366,2492,2616,2738,2864,2993,3122,3247,3368,3483,3595,3703,3812,3925,4037,4157,4280,4403,4546,4686,4822,4942,4992,5036,5054,5078,5103,5141,5259,5394,5537,5686,5791,5930,6062,6198,6322,6440
Mujeres,27,1531,1589,1653,1719,1791,1868,1953,2043,2122,2238,2359,2480,2600,2723,2849,2979,3107,3233,3354,3470,3582,3691,3802,3911,4025,4142,4263,4410,4555,4700,4835,4903,4963,5008,5029,5049,5081,5193,5320,5458,5604,5707,5847,5982,6120,6252,6380
Mujeres,28,1475,1523,1581,1645,1712,1784,1862,1947,2039,2118,2234,2352,2470,2590,2713,2840,2969,3099,3225,3347,3463,3574,3685,3793,3904,4016,4132,4278,4426,4575,4720,4803,4879,4938,4986,5003,5029,5133,5252,5381,5521,5622,5760,5896,6036,6171,6306
Mujeres,29,1417,1469,1519,1577,1641,1708,1781,1860,1945,2037,2117,2230,2344,2463,2583,2707,2834,2964,3094,3221,3343,3458,3571,3679,3789,3898,4010,4151,4298,4449,4599,4692,4782,4857,4919,4963,4986,5083,5193,5312,5441,5537,5672,5805,5946,6082,6217
Mujeres,30,1361,1413,1466,1515,1574,1639,1706,1780,1858,1945,2037,2114,2224,2340,2458,2580,2704,2832,2963,3093,3220,3340,3457,3568,3679,3787,3896,4032,4175,4325,4477,4576,4674,4764,4841,4899,4949,5040,5141,5250,5369,5456,5585,5714,5850,5986,6123
Mujeres,31,1310,1360,1412,1465,1515,1574,1639,1707,1781,1860,1947,2037,2111,2223,2338,2457,2579,2704,2832,2963,3094,3219,3341,3457,3571,3680,3789,3922,4059,4204,4355,4457,4560,4658,4749,4823,4886,5001,5095,5194,5302,5381,5500,5623,5755,5886,6022
Mujeres,32,1265,1310,1360,1413,1466,1516,1575,1640,1708,1783,1862,1947,2035,2110,2222,2338,2458,2580,2705,2834,2966,3095,3222,3344,3462,3575,3685,3817,3951,4091,4237,4338,4444,4546,4645,4733,4811,4937,5055,5146,5244,5315,5423,5536,5661,5788,5919
Mujeres,33,1223,1265,1311,1361,1414,1467,1517,1577,1643,1711,1786,1864,1947,2035,2111,2223,2340,2460,2582,2708,2838,2968,3099,3226,3350,3468,3582,3714,3847,3983,4124,4221,4326,4431,4534,4631,4723,4861,4989,5104,5193,5255,5354,5457,5571,5691,5816
Mujeres,34,1185,1225,1267,1313,1363,1416,1469,1520,1579,1646,1714,1787,1864,1947,2036,2112,2224,2341,2462,2584,2710,2839,2972,3103,3233,3357,3476,3611,3744,3880,4018,4110,4210,4314,4419,4521,4621,4770,4909,5034,5147,5204,5293,5385,5488,5596,5713
Mujeres,35,1153,1189,1229,1271,1316,1366,1419,1473,1523,1583,1648,1715,1788,1865,1948,2038,2114,2226,2343,2464,2587,2713,2845,2978,3112,3242,3367,3506,3642,3777,3914,4004,4099,4198,4303,4408,4512,4665,4815,4952,5075,5158,5239,5321,5413,5509,5614
Mujeres,36,1123,1157,1193,1232,1274,1319,1369,1422,1476,1526,1585,1650,1716,1789,1866,1950,2039,2116,2228,2346,2466,2591,2720,2852,2987,3121,3252,3396,3537,3675,3812,3901,3993,4088,4188,4292,4399,4553,4708,4855,4991,5086,5191,5265,5346,5431,5523
Mujeres,37,1095,1127,1161,1197,1235,1277,1322,1372,1424,1477,1526,1585,1650,1716,1789,1867,1950,2040,2117,2230,2347,2470,2597,2726,2860,2996,3131,3280,3425,3568,3708,3798,3889,3981,4076,4176,4283,4436,4592,4744,4891,5000,5115,5213,5286,5361,5442
Mujeres,38,1069,1100,1132,1165,1200,1238,1279,1324,1373,1425,1477,1526,1585,1650,1717,1790,1867,1951,2041,2118,2231,2351,2477,2604,2735,2869,3006,3158,3308,3456,3601,3694,3786,3878,3970,4066,4168,4317,4472,4626,4777,4899,5027,5136,5233,5300,5370
Mujeres,39,1042,1073,1103,1135,1167,1202,1239,1280,1323,1372,1423,1475,1525,1584,1649,1716,1789,1868,1952,2042,2119,2236,2358,2484,2613,2743,2879,3031,3184,3337,3487,3586,3682,3774,3867,3960,4058,4200,4350,4504,4658,4786,4924,5044,5152,5242,5304
Mujeres,40,1015,1048,1078,1108,1138,1170,1203,1240,1279,1322,1368,1420,1474,1524,1583,1648,1716,1789,1867,1952,2042,2123,2241,2364,2491,2619,2751,2902,3056,3211,3366,3472,3573,3669,3763,3856,3952,4086,4230,4379,4533,4664,4806,4937,5056,5157,5243
Mujeres,41,982,1018,1051,1080,1109,1138,1169,1201,1237,1275,1316,1364,1418,1471,1522,1581,1647,1714,1788,1866,1951,2046,2128,2247,2371,2498,2627,2773,2925,3080,3238,3350,3458,3560,3657,3752,3848,3977,4113,4256,4406,4537,4680,4816,4947,5061,5157
Mujeres,42,958,985,1021,1052,1081,1108,1137,1166,1197,1231,1268,1311,1362,1415,1469,1520,1579,1645,1712,1786,1864,1953,2050,2132,2252,2376,2504,2647,2794,2948,3106,3222,3336,3445,3547,3646,3742,3870,4001,4137,4281,4409,4551,4688,4823,4948,5058
Mujeres,43,928,961,987,1021,1051,1079,1105,1132,1160,1190,1222,1261,1308,1359,1413,1467,1517,1577,1643,1710,1784,1867,1958,2054,2138,2257,2382,2522,2666,2815,2970,3089,3208,3323,3432,3536,3637,3763,3892,4024,4160,4282,4419,4555,4692,4822,4944
Mujeres,44,907,930,962,987,1020,1049,1075,1100,1125,1152,1180,1215,1259,1306,1357,1410,1465,1515,1575,1641,1708,1787,1871,1962,2058,2141,2261,2398,2539,2685,2836,2954,3075,3194,3310,3421,3527,3655,3783,3912,4044,4159,4288,4420,4556,4689,4815
Mujeres,45,885,907,929,960,983,1016,1043,1068,1092,1116,1141,1173,1213,1257,1303,1354,1408,1462,1513,1572,1638,1710,1790,1874,1965,2061,2144,2276,2413,2556,2703,2819,2939,3061,3181,3298,3411,3543,3673,3802,3932,4042,4162,4287,4418,4550,4679
Mujeres,46,862,883,904,925,955,978,1008,1035,1059,1081,1103,1133,1170,1211,1254,1300,1351,1405,1459,1509,1569,1639,1713,1792,1877,1967,2064,2158,2290,2429,2573,2688,2805,2926,3048,3169,3288,3425,3559,3690,3820,3927,4042,4159,4283,4411,4539
Mujeres,47,841,861,881,900,920,950,971,1000,1026,1048,1068,1096,1131,1169,1209,1252,1298,1349,1402,1456,1506,1571,1642,1715,1795,1878,1969,2076,2171,2304,2444,2557,2673,2791,2912,3036,3159,3300,3439,3574,3706,3813,3925,4036,4153,4274,4399
Mujeres,48,815,835,855,875,893,912,941,961,990,1014,1035,1061,1095,1130,1167,1207,1249,1295,1345,1398,1451,1507,1572,1643,1717,1796,1880,1981,2088,2183,2318,2429,2543,2659,2778,2900,3024,3169,3313,3453,3589,3698,3808,3917,4029,4142,4261
Mujeres,49,788,807,827,846,865,884,902,930,950,978,1001,1028,1060,1094,1129,1165,1205,1247,1293,1342,1395,1454,1510,1574,1646,1718,1797,1891,1991,2099,2195,2303,2415,2530,2646,2766,2890,3034,3181,3325,3466,3578,3691,3798,3908,4018,4130
Mujeres,50,760,779,799,818,837,856,874,893,920,939,966,996,1029,1061,1094,1128,1164,1202,1244,1288,1337,1395,1455,1510,1576,1646,1719,1806,1900,2001,2109,2180,2289,2401,2516,2634,2755,2897,3044,3192,3338,3455,3571,3680,3788,3896,4003
Mujeres,51,731,749,768,787,807,826,844,862,881,908,927,960,995,1028,1060,1092,1126,1161,1199,1240,1284,1339,1398,1456,1512,1576,1646,1727,1815,1908,2010,2095,2167,2276,2388,2504,2622,2761,2905,3053,3202,3324,3444,3557,3668,3774,3880
Mujeres,52,705,720,738,757,776,796,815,834,853,871,899,923,961,996,1028,1059,1091,1123,1158,1195,1235,1285,1341,1398,1457,1511,1574,1653,1734,1821,1916,1996,2082,2154,2262,2375,2491,2627,2768,2913,3063,3187,3312,3430,3544,3653,3758
Mujeres,53,679,692,708,726,745,765,786,805,825,844,863,895,925,962,996,1027,1057,1088,1120,1154,1190,1236,1287,1341,1398,1455,1509,1580,1658,1739,1827,1902,1982,2068,2140,2249,2362,2495,2633,2774,2921,3046,3174,3296,3415,3527,3634
Mujeres,54,655,665,679,695,713,734,755,776,797,817,837,861,896,925,962,995,1026,1055,1085,1116,1148,1191,1238,1287,1340,1396,1452,1514,1585,1663,1744,1813,1888,1968,2053,2126,2234,2364,2499,2638,2781,2904,3031,3156,3279,3396,3507
Mujeres,55,632,640,651,666,683,702,724,746,768,790,812,835,862,897,925,961,994,1023,1052,1081,1111,1150,1193,1238,1286,1338,1392,1456,1517,1588,1666,1730,1799,1873,1953,2039,2111,2237,2368,2505,2645,2764,2889,3014,3139,3261,3376
Mujeres,56,610,617,626,639,654,672,693,716,739,763,786,811,836,862,896,924,959,991,1020,1047,1075,1112,1150,1192,1236,1282,1333,1396,1459,1520,1591,1653,1716,1785,1859,1939,2024,2114,2241,2374,2511,2627,2747,2869,2995,3118,3237
Mujeres,57,589,596,604,614,628,644,664,686,710,735,760,785,810,835,861,895,921,956,988,1016,1042,1077,1112,1149,1189,1231,1275,1334,1397,1460,1521,1576,1638,1701,1770,1844,1923,2026,2116,2245,2378,2491,2609,2727,2850,2973,3094
Mujeres,58,568,575,583,592,604,619,637,658,681,707,734,759,784,809,834,859,892,919,953,984,1011,1043,1076,1109,1144,1182,1221,1275,1334,1396,1460,1506,1562,1623,1686,1754,1827,1924,2028,2119,2248,2357,2472,2587,2705,2826,2947
Mujeres,59,548,556,565,573,583,596,613,632,654,679,706,732,757,782,807,831,856,890,916,950,980,1011,1041,1072,1104,1136,1172,1221,1275,1333,1395,1445,1492,1547,1607,1669,1737,1828,1925,2030,2122,2227,2337,2449,2564,2680,2798
Mujeres,60,526,536,546,555,564,576,590,608,628,652,678,704,729,754,779,804,828,853,886,912,946,979,1008,1036,1065,1094,1125,1171,1220,1273,1330,1380,1430,1476,1530,1590,1652,1737,1828,1927,2032,2100,2205,2313,2425,2537,2650
Mujeres,61,503,515,526,536,546,557,570,585,603,625,650,675,699,724,749,774,799,823,848,882,908,943,973,1001,1027,1053,1080,1122,1168,1217,1269,1316,1365,1414,1459,1512,1572,1651,1737,1829,1928,2009,2078,2180,2287,2396,2505
Mujeres,62,480,493,506,517,528,539,551,565,581,601,623,646,669,694,719,745,770,795,820,845,879,904,937,965,991,1015,1039,1078,1119,1164,1211,1253,1300,1348,1396,1441,1494,1571,1651,1737,1829,1904,1985,2051,2153,2258,2363
Mujeres,63,459,472,486,498,510,522,534,547,561,579,599,619,640,663,688,714,739,765,791,816,842,872,896,927,954,977,998,1035,1073,1113,1157,1196,1237,1283,1330,1378,1422,1492,1569,1649,1735,1803,1878,1956,2022,2120,2221
Mujeres,64,437,450,464,477,490,504,516,529,542,557,575,593,611,633,656,682,708,734,761,787,813,834,863,885,914,938,960,994,1030,1067,1107,1142,1180,1221,1265,1312,1358,1419,1489,1566,1646,1708,1776,1848,1925,1988,2083
Mujeres,65,416,430,443,456,470,484,497,510,523,537,552,567,584,603,625,649,675,702,729,757,784,803,823,851,871,897,920,954,987,1021,1057,1090,1125,1162,1202,1245,1291,1354,1415,1485,1561,1618,1680,1745,1816,1890,1950
Mujeres,66,398,411,423,436,450,464,478,491,504,517,530,544,558,575,595,618,642,669,697,725,753,772,791,809,835,854,878,913,946,977,1010,1041,1073,1107,1143,1182,1224,1286,1349,1409,1477,1531,1587,1647,1711,1780,1851
Mujeres,67,378,391,403,415,428,442,456,470,483,496,509,521,534,549,566,587,610,635,663,691,720,739,758,775,793,817,835,871,904,935,965,994,1023,1054,1087,1122,1160,1218,1278,1340,1399,1447,1500,1554,1613,1675,1740
Mujeres,68,356,370,382,394,407,420,434,448,462,475,488,500,511,525,540,558,578,602,628,656,685,704,723,741,758,775,798,825,860,891,920,948,976,1005,1034,1067,1101,1153,1209,1269,1328,1368,1415,1467,1520,1576,1635
Mujeres,69,333,348,362,374,385,398,411,424,438,452,465,476,488,501,514,530,548,570,594,620,649,668,687,706,724,740,757,788,813,846,875,903,930,957,984,1013,1044,1091,1142,1197,1254,1296,1335,1381,1431,1482,1536
Mujeres,70,309,325,340,353,364,376,389,401,414,428,441,453,465,478,490,504,520,539,561,585,612,631,651,670,689,706,723,745,774,798,828,857,884,910,935,962,989,1033,1079,1128,1181,1222,1263,1300,1345,1393,1441
Mujeres,71,284,301,317,330,343,355,366,378,390,403,416,429,442,454,467,480,494,510,529,551,575,593,613,633,653,671,689,709,729,757,779,810,839,865,889,914,939,978,1020,1064,1111,1149,1189,1229,1265,1308,1353
Mujeres,72,259,275,291,306,319,332,344,355,366,378,390,403,417,430,443,455,468,482,499,518,539,556,575,595,616,635,655,673,691,710,736,760,791,818,842,865,889,924,962,1002,1043,1077,1115,1153,1192,1226,1266
Mujeres,73,235,251,266,282,296,309,321,332,343,354,366,378,392,406,419,431,443,456,470,486,505,520,538,558,578,599,620,637,654,671,688,717,740,769,795,818,840,873,907,943,980,1011,1044,1080,1117,1154,1186
Mujeres,74,213,227,242,256,271,285,298,309,320,330,340,352,366,380,393,406,418,430,443,456,472,486,503,521,541,563,584,600,617,632,648,669,697,719,746,770,792,823,854,886,920,948,978,1009,1044,1079,1113
Mujeres,75,193,205,218,231,246,260,274,286,297,308,317,328,341,354,367,380,392,403,415,427,440,453,468,485,505,526,548,563,579,594,609,629,649,675,695,721,744,774,803,833,864,888,915,943,974,1006,1038
Mujeres,76,175,185,195,208,221,235,249,262,273,284,294,304,316,328,341,353,365,377,388,399,410,422,436,452,470,490,511,525,540,555,569,589,608,626,651,670,694,725,753,781,808,831,855,881,908,936,965
Mujeres,77,159,167,175,186,197,210,224,237,249,261,271,281,292,303,315,327,338,350,361,371,381,393,405,420,436,454,475,488,502,516,531,549,568,585,602,625,643,674,702,729,755,776,798,820,844,869,894
Mujeres,78,144,150,158,166,175,187,199,212,224,236,247,257,268,279,289,300,311,322,333,343,353,364,376,390,405,421,440,451,464,478,493,510,528,545,561,577,598,622,652,679,703,723,744,764,785,807,829
Mujeres,79,130,136,141,148,155,165,176,187,199,211,222,233,244,254,264,274,284,294,304,314,324,336,348,361,375,390,407,416,427,440,454,471,488,504,519,534,549,577,599,627,652,672,690,709,728,746,765
Mujeres,80,758,797,837,872,908,957,1006,1062,1121,1190,1259,1340,1431,1523,1618,1709,1797,1888,1976,2067,2153,2282,2419,2555,2690,2823,2958,3043,3139,3242,3362,3482,3613,3746,3876,4017,4148,4324,4501,4686,4864,5039,5204,5359,5512,5655,5781
